,tc
0,2.64
1,2.15
2,2.62
3,1.2
4,3.2
5,2.52
6,0.64
7,1.95
8,0.0
9,1.21
10,1.2
11,0.0
12,0.106
13,0.1
14,0.126
15,0.088
16,6.72
17,0.11
18,0.0
19,0.0125
20,0.0074
21,6.415
22,6.175
23,6.5
24,5.57
25,5.245
26,6.79
27,6.7
28,0.0
29,0.0
30,0.0
31,2.35
32,1.073333333
33,0.0
34,0.0
35,7.7
36,5.79
37,4.655
38,0.0
39,2.6
40,2.225
41,0.0
42,0.0
43,0.0
44,0.066
45,0.0
46,0.0
47,0.0
48,0.0
49,0.34
50,0.0
51,0.0
52,0.0
53,0.85
54,0.0
55,0.0
56,0.0502
57,0.0
58,0.0
59,1.03625
60,2.86
61,37.95
62,34.7
63,36.7
64,17.9
65,16.12
66,37.3
67,34.0
68,18.0
69,7.75
70,2.12
71,36.46666667
72,18.1
73,37.0
74,18.0
75,35.8
76,32.4
77,33.55
78,17.9
79,34.7
80,17.8
81,35.1
82,31.5
83,17.1
84,7.4
85,25.3
86,0.0
87,4.65
88,30.8
89,14.6
90,7.49
91,34.3
92,3.34
93,13.9
94,18.1
95,17.97
96,27.1
97,4.3
98,11.2
99,0.0
100,16.9
101,3.82
102,1.63
103,24.0
104,28.71
105,5.7
106,3.24
107,4.43
108,16.85
109,0.0
110,3.23
111,18.1
112,18.1
113,7.3
114,14.1
115,0.0
116,0.0
117,13.9
118,0.0
119,9.1
120,9.42
121,15.775
122,0.0
123,15.4
124,11.7
125,12.9
126,18.75
127,12.9
128,0.21
129,16.0
130,0.85
131,17.2
132,20.4
133,18.7
134,11.1
135,8.925
136,19.7
137,1.2775
138,13.6
139,20.7
140,6.2
141,20.0
142,20.425
143,20.75
144,14.0
145,18.9
146,17.6
147,19.6
148,0.0
149,17.8
150,17.0
151,5.6
152,4.05
153,18.395
154,20.375
155,18.1
156,14.6
157,17.7
158,19.1
159,19.8
160,17.6
161,19.2
162,18.4
163,20.0
164,18.4
165,20.0
166,17.8
167,18.0
168,18.5
169,19.1
170,2.8
171,19.700000000000003
172,19.2
173,20.0
174,18.4
175,19.0
176,18.1
177,19.8
178,18.5
179,19.6
180,18.8
181,18.6
182,19.3
183,18.4
184,19.0
185,0.262
186,19.8
187,19.8
188,6.54
189,5.57
190,18.3
191,18.06
192,17.6
193,16.1
194,18.1
195,1.254033333
196,6.63
197,5.21
198,0.0
199,0.0
200,2.9
201,0.0
202,0.0
203,0.0
204,5.4
205,0.0
206,4.4
207,0.55
208,0.0
209,0.08
210,6.3
211,0.0
212,2.9
213,0.0
214,0.0
215,0.0
216,0.0
217,0.0
218,0.0
219,6.183529412
220,0.0
221,14.1
222,3.45
223,0.0
224,0.0
225,0.0
226,5.5
227,0.0
228,6.7
229,4.5
230,18.0
231,16.5
232,14.4
233,3.2
234,0.37
235,3.6216666665
236,0.0
237,2.4
238,4.9833333335
239,0.0
240,0.0
241,6.0
242,5.2
243,14.45
244,13.8
245,11.85
246,4.9
247,4.2
248,0.58
249,1.55
250,7.2
251,2.1
252,1.075
253,15.6
254,15.4
255,11.5
256,13.0
257,15.4
258,17.2
259,13.6
260,16.8
261,15.2
262,15.0
263,16.0
264,16.0
265,14.6
266,14.8
267,17.7
268,17.2
269,16.6
270,17.7
271,18.0
272,17.4
273,17.6
274,0.0
275,0.0
276,0.0
277,0.0
278,0.69
279,0.39
280,0.0
281,0.0
282,3.3
283,0.0
284,0.0
285,0.0
286,2.8
287,0.0
288,4.75
289,0.045
290,0.0
291,0.0
292,0.0
293,0.65
294,0.52
295,1.15
296,1.51
297,1.64
298,0.0
299,1.155
300,1.49
301,0.0
302,0.19
303,0.029666667
304,0.195
305,0.0475
306,9.61
307,0.0
308,0.0
309,0.0
310,0.0
311,0.0
312,0.735
313,1.02
314,2.78
315,2.42
316,1.89
317,1.38
318,0.932
319,0.94
320,1.425
321,1.61
322,1.996
323,2.4
324,2.7242142855
325,0.0
326,0.0
327,0.84
328,0.0
329,0.65
330,4.95
331,0.0
332,0.0
333,0.343333333
334,0.0
335,1.34
336,0.0
337,2.6
338,0.0
339,0.0
340,0.0
341,0.0
342,0.16
343,6.2
344,1.16
345,0.0
346,1.2
347,0.0
348,1.2
349,0.85
350,0.0
351,0.0
352,1.13
353,1.145
354,1.021
355,0.0
356,1.2
357,1.97
358,1.28
359,0.0
360,0.0
361,1.94
362,1.11
363,1.864
364,0.0
365,0.0
366,0.75
367,0.0
368,0.75
369,0.0
370,0.0
371,0.94
372,0.86
373,0.68
374,0.0
375,0.0
376,0.0
377,0.0
378,0.0
379,0.0
380,0.0
381,3.35
382,0.0
383,1.85
384,18.19
385,11.67
386,17.98
387,5.96
388,7.52
389,0.78
390,0.0
391,0.48
392,11.42
393,0.0
394,0.44
395,4.0
396,3.13
397,0.0
398,1.825
399,27.35
400,27.0
401,28.475
402,0.0
403,3.24
404,23.0
405,3.27
406,3.28
407,0.0
408,0.0
409,0.763
410,0.634
411,0.0
412,3.2
413,2.3825
414,2.0
415,20.8
416,22.93333333
417,3.49
418,16.5
419,0.0
420,0.0
421,8.72
422,18.4
423,3.92
424,22.2
425,0.0
426,3.81
427,0.0
428,15.4
429,5.0
430,10.0
431,0.0
432,0.0
433,11.8
434,0.0
435,27.6
436,47.0
437,43.5
438,40.85
439,36.33333333
440,40.4
441,46.0
442,40.2
443,42.6
444,0.0
445,9.81
446,19.3
447,19.4
448,15.7
449,13.4
450,21.05
451,0.0
452,0.0
453,20.1
454,18.8
455,21.13333333
456,10.29
457,16.3
458,6.14
459,2.565
460,13.4
461,7.66
462,10.6
463,15.03333333
464,13.3
465,14.0
466,7.53
467,0.0
468,14.3
469,7.485
470,10.875
471,5.8
472,0.0
473,14.9
474,15.96666667
475,0.0
476,0.0
477,2.0
478,1.895
479,4.0
480,0.0
481,0.0
482,0.0
483,0.0
484,1.838
485,9.3
486,0.0
487,0.0
488,0.0
489,0.0
490,47.5
491,36.4
492,3.64
493,33.0
494,33.0
495,14.6
496,14.0
497,35.0
498,42.0
499,49.05
500,45.0
501,50.0
502,3.59
503,24.7
504,26.9
505,46.4
506,40.2
507,44.48888889
508,46.0
509,53.0
510,22.0
511,49.66666667
512,45.0
513,31.4
514,34.8
515,50.525
516,43.5
517,50.5
518,3.9
519,50.0
520,48.35
521,32.6
522,46.0
523,24.4
524,0.0
525,0.0
526,0.0
527,11.6
528,17.3
529,16.0
530,14.7
531,16.5
532,18.3
533,17.6
534,10.0
535,6.0
536,0.0
537,18.0
538,9.0
539,0.0
540,7.1
541,0.0
542,7.5
543,15.4
544,0.0
545,10.58
546,0.0
547,13.35
548,0.0
549,15.8
550,0.0
551,9.6
552,14.0
553,4.61
554,0.0
555,56.5
556,53.6
557,53.5
558,0.0
559,0.0
560,0.0
561,0.0
562,10.2
563,17.6
564,16.475
565,30.0
566,26.0
567,13.5
568,43.0
569,0.0
570,0.0
571,53.7
572,51.45
573,46.9
574,0.0
575,16.25
576,15.5
577,14.6
578,4.86
579,12.8
580,46.25
581,48.2
582,44.4
583,0.0
584,48.9
585,46.0
586,51.4
587,47.0
588,55.0
589,52.1
590,40.1
591,53.23333333
592,0.0
593,52.0
594,45.0
595,34.8
596,33.85
597,43.8
598,44.4
599,22.8
600,0.0
601,5.7
602,3.5
603,0.0
604,0.0
605,0.0
606,0.0
607,3.2
608,3.193333333
609,3.1
610,3.5
611,3.7
612,0.0
613,2.71
614,0.0
615,8.2
616,2.353333333
617,0.0
618,8.0
619,0.0
620,1.15
621,0.0
622,0.46
623,2.425
624,0.75
625,0.58
626,0.0
627,0.0
628,0.0
629,8.716666667
630,3.755
631,0.0
632,0.0
633,0.0
634,0.0
635,0.0
636,6.93
637,12.8
638,19.2
639,24.5
640,19.7
641,24.2
642,15.0
643,31.2
644,28.7
645,22.0
646,32.5
647,30.1625
648,36.9
649,30.31
650,19.95
651,13.56
652,22.29
653,11.83
654,5.1
655,7.86
656,0.0
657,34.2
658,33.5
659,11.1
660,36.5
661,15.0
662,34.3
663,25.85
664,9.53
665,26.75
666,37.14
667,30.15
668,35.28
669,32.8
670,39.0
671,25.6
672,31.0
673,38.0
674,31.25
675,38.0
676,19.0
677,37.0
678,35.0
679,37.75
680,23.8
681,18.0
682,18.0
683,35.66
684,33.85
685,33.45
686,24.0
687,32.0
688,28.45
689,26.0
690,15.9
691,8.0
692,19.0
693,23.5
694,17.0
695,18.0
696,36.85
697,23.8
698,15.0
699,13.0
700,12.0
701,6.4
702,12.73333333
703,10.0
704,10.0
705,10.5
706,7.0
707,8.0
708,6.42
709,5.3
710,0.0
711,10.0
712,11.8
713,0.0
714,3.5
715,0.0
716,0.0
717,21.3
718,22.5
719,7.1
720,21.0
721,8.95
722,5.02
723,19.7
724,0.783333333
725,2.0
726,0.0
727,0.0
728,0.0
729,22.0
730,1.27
731,3.02
732,2.29
733,1.845
734,2.0
735,2.0
736,7.2
737,0.0
738,9.5
739,13.4
740,24.1
741,0.0
742,13.9
743,21.0
744,14.4
745,13.2
746,2.0
747,13.5
748,15.7
749,11.0
750,24.0
751,18.365
752,16.0
753,13.2
754,0.0
755,0.0
756,2.08
757,0.0
758,0.0
759,0.0
760,0.0
761,32.0
762,0.0
763,0.0
764,21.66666667
765,21.0
766,0.0
767,0.0
768,0.0
769,0.0
770,0.0
771,0.0
772,16.3
773,21.9
774,2.305
775,0.0
776,0.0
777,12.6
778,0.0
779,9.6
780,8.65
781,16.0
782,8.93
783,8.7
784,11.7
785,5.92
786,0.0
787,7.4
788,15.8
789,0.0
790,0.0
791,0.0
792,5.5
793,1.6
794,0.0
795,5.11
796,13.3
797,12.2
798,2.9
799,2.9965
800,26.0
801,23.5
802,6.0
803,1.983333333
804,0.0
805,0.0
806,29.25
807,0.0
808,2.8
809,0.97
810,0.205
811,0.0
812,0.66
813,0.0
814,0.92
815,0.23
816,0.0
817,5.083333333
818,0.0
819,4.4
820,0.0
821,0.0
822,0.0
823,0.9
824,0.0
825,6.5
826,0.0
827,0.0
828,0.0
829,1.195
830,0.0
831,20.125
832,35.0
833,0.0
834,0.0
835,2.53
836,2.52
837,25.6
838,2.7
839,7.6
840,0.66
841,10.56
842,10.78
843,5.05
844,0.0
845,1.85
846,1.615
847,2.04
848,1.587
849,1.96
850,1.63
851,4.5
852,1.587
853,1.24
854,6.45
855,2.38
856,1.668
857,1.89
858,1.58
859,1.3
860,1.355
861,0.0
862,4.6
863,1.99
864,1.378
865,1.17
866,0.0
867,3.02
868,0.0
869,12.283333333333331
870,9.5
871,1.79
872,1.773
873,11.0
874,1.56
875,1.25
876,1.51
877,11.4
878,0.0
879,10.8
880,0.0
881,2.68
882,2.27
883,1.775
884,0.0
885,1.2
886,1.062
887,9.4
888,2.3
889,0.22
890,0.0
891,0.185
892,0.0
893,0.0
894,8.4
895,10.163181818
896,3.76
897,4.325
898,0.0
899,0.29
900,2.0
901,1.65
902,1.25
903,0.0
904,1.366666667
905,3.365
906,4.25
907,2.2192
908,1.245
909,0.46
910,6.7
911,1.77
912,2.051666667
913,0.0
914,0.0
915,3.02
916,0.0
917,1.82
918,0.0
919,0.0
920,0.0
921,2.6575
922,1.62
923,0.4
924,0.34
925,0.0
926,0.0
927,0.9
928,0.0
929,0.0
930,0.0
931,1.4
932,7.0
933,12.5
934,8.4
935,21.0
936,23.0
937,25.0
938,26.5
939,31.0
940,32.0
941,6.4
942,16.4
943,8.1
944,5.9
945,5.4
946,2.538888889
947,0.0
948,6.1
949,5.7
950,7.8
951,0.0
952,0.0
953,0.0
954,3.2
955,2.6
956,6.6
957,2.5
958,1.35
959,2.9
960,2.6
961,5.0
962,2.4
963,25.5
964,30.335
965,30.8
966,32.0
967,33.0
968,16.0
969,33.15
970,33.3
971,28.0
972,32.9
973,35.0
974,33.85
975,36.0
976,0.0
977,35.5
978,35.78
979,38.3
980,21.0
981,37.0
982,37.7
983,36.0
984,37.0
985,36.25
986,30.0
987,37.53333333
988,38.5
989,32.84363636
990,0.0
991,0.0
992,5.97
993,5.67
994,5.65
995,4.77
996,4.78
997,0.435
998,0.39
999,5.5
1000,0.0
1001,4.7
1002,4.4
1003,6.0335714285
1004,4.0875
1005,0.0
1006,0.0
1007,0.0
1008,0.0
1009,0.0
1010,2.4
1011,3.3
1012,3.38
1013,0.0
1014,2.6
1015,2.94
1016,2.786666667
1017,6.7166666665
1018,2.08
1019,0.0
1020,0.0
1021,0.0
1022,0.0
1023,0.0
1024,3.1
1025,1.86
1026,0.0
1027,1.96
1028,7.7
1029,7.663333333
1030,7.233333333
1031,3.37
1032,6.59
1033,6.4
1034,7.5535
1035,2.294
1036,0.0
1037,0.25
1038,5.09
1039,4.1125
1040,0.0
1041,0.0
1042,0.0
1043,0.0
1044,0.0
1045,4.75
1046,0.0
1047,0.0
1048,4.0
1049,1.56
1050,0.0
1051,0.0
1052,0.0
1053,0.0
1054,2.133333333
1055,3.1
1056,0.0
1057,7.35
1058,13.8
1059,11.9
1060,0.0
1061,0.0
1062,0.0
1063,0.05
1064,0.0
1065,0.0
1066,0.0
1067,14.3
1068,11.8
1069,8.13
1070,3.1
1071,9.65
1072,6.75
1073,0.0
1074,14.3
1075,14.7
1076,13.0
1077,13.75
1078,11.55
1079,10.85
1080,7.895
1081,8.116666667
1082,0.0
1083,11.77
1084,12.0
1085,6.61
1086,11.8
1087,0.0
1088,9.75
1089,5.83
1090,0.0
1091,3.24
1092,2.0
1093,0.0
1094,2.3
1095,4.3
1096,6.215
1097,3.42
1098,5.325
1099,5.61
1100,2.485
1101,4.7
1102,4.55
1103,5.033571429
1104,4.675000000000001
1105,5.9
1106,2.0
1107,5.63
1108,7.225
1109,10.8
1110,6.15
1111,8.52
1112,9.535
1113,7.31
1114,8.355
1115,8.5
1116,0.0
1117,4.63
1118,0.0
1119,2.155
1120,0.0
1121,10.2329166665
1122,7.0
1123,13.4
1124,7.97
1125,10.2
1126,7.39
1127,5.52
1128,6.2
1129,3.99
1130,6.64
1131,8.2
1132,0.0
1133,13.28
1134,13.5
1135,7.3
1136,9.715
1137,10.475
1138,9.95
1139,6.155
1140,12.0
1141,7.81
1142,7.02
1143,4.2
1144,4.52
1145,5.935
1146,8.1
1147,0.0
1148,0.0
1149,0.0
1150,15.1
1151,13.8
1152,13.3
1153,8.81
1154,8.9
1155,8.72
1156,8.72
1157,9.3
1158,1.3
1159,8.77
1160,3.0
1161,6.62
1162,8.77
1163,7.44
1164,2.25
1165,8.77
1166,8.0661764705
1167,0.0
1168,16.2
1169,15.3
1170,15.1
1171,13.6
1172,13.6
1173,0.0
1174,0.0
1175,10.25
1176,0.0
1177,15.2
1178,14.8
1179,15.56
1180,14.55
1181,15.0
1182,15.2
1183,14.68
1184,15.88066667
1185,15.48
1186,12.7
1187,8.7
1188,5.7
1189,0.0
1190,10.7
1191,11.8
1192,14.0
1193,8.7
1194,12.8
1195,13.7
1196,7.0
1197,14.05
1198,12.0
1199,11.2
1200,7.7
1201,8.68
1202,0.0
1203,0.0
1204,14.42
1205,12.54
1206,10.02
1207,4.6
1208,5.71
1209,0.0
1210,2.346666667
1211,0.0
1212,0.0
1213,0.0
1214,0.0
1215,0.0
1216,0.0
1217,0.0
1218,0.0
1219,6.966666667
1220,9.659
1221,0.0
1222,14.17727273
1223,0.0
1224,14.5
1225,22.6
1226,6.0
1227,0.0
1228,6.6
1229,0.0
1230,0.0
1231,0.0
1232,0.0
1233,1.2
1234,1.8
1235,0.0
1236,0.0
1237,1.67
1238,1.07
1239,0.38
1240,0.0
1241,0.0
1242,0.0
1243,0.55
1244,37.1
1245,37.4
1246,36.2
1247,34.5
1248,4.175
1249,0.0
1250,0.0
1251,0.0
1252,0.0
1253,0.0
1254,0.0
1255,0.0
1256,0.0
1257,0.0
1258,0.0
1259,0.0
1260,0.0
1261,0.0
1262,0.0
1263,36.7
1264,35.3
1265,35.1
1266,0.0
1267,0.0
1268,38.11
1269,38.05
1270,37.8
1271,37.58
1272,37.75
1273,38.6
1274,38.6
1275,7.34
1276,5.07
1277,0.0
1278,0.0
1279,0.0
1280,0.0
1281,0.0
1282,8.86
1283,8.77
1284,7.85
1285,6.94
1286,5.26
1287,6.295
1288,0.0
1289,0.0
1290,0.0
1291,0.0
1292,0.0
1293,0.0
1294,37.8
1295,35.6
1296,33.45
1297,34.7
1298,32.96666667
1299,29.5
1300,34.0
1301,6.4
1302,4.84
1303,0.0
1304,0.0
1305,0.0
1306,3.8
1307,0.0
1308,7.53
1309,6.46
1310,0.0
1311,0.0
1312,0.0
1313,0.0
1314,0.0
1315,33.2
1316,28.1
1317,18.0
1318,3.6
1319,1.12
1320,0.0
1321,1.65
1322,0.0
1323,0.0
1324,0.0
1325,0.0
1326,0.0
1327,2.09
1328,0.0
1329,0.0
1330,0.0
1331,0.0
1332,2.57
1333,13.0325
1334,38.25
1335,37.8
1336,38.0
1337,35.3
1338,36.6
1339,36.91666667
1340,34.0
1341,0.0
1342,7.295
1343,4.76
1344,8.72
1345,2.66
1346,4.655
1347,0.0
1348,10.054
1349,0.0
1350,4.5
1351,36.0
1352,36.9
1353,37.2
1354,38.0
1355,38.0
1356,30.0
1357,38.0
1358,37.8
1359,38.4
1360,37.3
1361,38.2
1362,38.0
1363,35.0
1364,30.0
1365,38.5
1366,38.3
1367,37.7
1368,32.3
1369,38.0
1370,38.4
1371,41.4
1372,35.5
1373,39.0
1374,33.4
1375,35.9
1376,33.5
1377,38.6
1378,34.0
1379,38.3
1380,38.4
1381,37.3
1382,0.0
1383,0.0
1384,5.74
1385,0.0
1386,5.8
1387,7.96
1388,9.77
1389,9.1
1390,3.64
1391,4.5975
1392,0.0
1393,0.0
1394,0.0
1395,1.5975
1396,1.34
1397,0.0
1398,0.0
1399,2.22
1400,0.0
1401,0.0
1402,0.0
1403,6.3
1404,0.0
1405,0.0
1406,0.0
1407,0.0
1408,0.0
1409,0.0
1410,0.8
1411,8.1
1412,0.0
1413,0.0
1414,7.7
1415,0.0
1416,0.0
1417,1.79
1418,0.0
1419,0.0
1420,0.0
1421,0.0
1422,0.0
1423,0.0
1424,0.0
1425,0.0
1426,6.4
1427,8.7
1428,8.2
1429,0.0
1430,0.0
1431,2.75
1432,0.72
1433,6.0
1434,3.19
1435,0.0
1436,0.0
1437,0.0
1438,0.0
1439,0.0
1440,0.0
1441,0.0
1442,0.0
1443,0.0
1444,0.0
1445,0.0
1446,0.0
1447,4.585
1448,0.0
1449,0.0
1450,0.0
1451,5.883333333
1452,6.15
1453,5.95
1454,10.4
1455,6.43
1456,6.44
1457,10.0
1458,2.5
1459,9.05
1460,8.06
1461,4.18
1462,8.22
1463,8.74
1464,4.41
1465,6.87
1466,7.61
1467,8.06
1468,8.22
1469,6.88
1470,7.065
1471,2.22
1472,7.795
1473,0.0
1474,0.0
1475,10.1
1476,8.66
1477,3.54
1478,0.0
1479,0.0
1480,0.0
1481,0.0
1482,6.42
1483,0.7
1484,0.0
1485,3.06
1486,3.21
1487,3.07
1488,2.98
1489,3.04
1490,1.675
1491,0.0
1492,11.93
1493,10.093625
1494,2.0
1495,5.323333333
1496,0.0
1497,1.4
1498,0.0
1499,8.74
1500,2.6475
1501,0.0
1502,4.448
1503,8.888
1504,10.95775
1505,0.0
1506,1.38
1507,7.27
1508,0.0
1509,0.0
1510,0.0
1511,0.0
1512,0.0
1513,1.4
1514,0.0
1515,0.0
1516,8.4
1517,8.3
1518,7.0
1519,7.1
1520,5.5
1521,8.8
1522,8.0
1523,8.9
1524,0.0
1525,0.0
1526,0.0
1527,1.6
1528,0.0
1529,0.0
1530,0.0
1531,0.0
1532,0.0
1533,0.0
1534,3.3
1535,0.0
1536,0.0
1537,0.0
1538,6.8
1539,5.8
1540,2.05
1541,3.15
1542,3.0
1543,5.8
1544,0.0
1545,0.0
1546,3.4
1547,0.0
1548,0.0
1549,0.0
1550,0.0
1551,0.37
1552,0.0
1553,0.0
1554,5.692857143
1555,0.0
1556,0.0
1557,0.0
1558,0.0
1559,0.0
1560,0.0
1561,0.0
1562,0.0
1563,0.0
1564,0.0
1565,0.0
1566,0.525
1567,22.6
1568,0.0
1569,24.0
1570,0.5
1571,24.95
1572,32.0
1573,29.0
1574,26.0
1575,12.3
1576,29.0
1577,14.5
1578,33.1
1579,13.9
1580,21.8
1581,9.0
1582,9.3
1583,23.6
1584,2.99
1585,4.96
1586,1.9
1587,29.0
1588,1.725
1589,26.0
1590,25.3
1591,0.0
1592,28.0
1593,0.0
1594,26.2
1595,25.5
1596,26.9
1597,23.1
1598,23.5
1599,8.4
1600,54.0
1601,1.75
1602,0.1
1603,21.6
1604,0.0
1605,13.7
1606,14.0
1607,0.0
1608,58.0
1609,0.0
1610,0.0
1611,0.77
1612,7.0
1613,1.88
1614,9.7
1615,30.0
1616,15.5
1617,12.7
1618,11.0
1619,7.2
1620,17.2
1621,18.7
1622,23.1
1623,20.0
1624,25.5
1625,25.0
1626,24.525
1627,27.3
1628,21.2
1629,28.8
1630,31.2
1631,31.0
1632,19.66428571
1633,30.7
1634,31.5
1635,28.96666667
1636,30.4
1637,29.58571429
1638,29.0
1639,28.5
1640,28.2
1641,28.1
1642,0.0
1643,5.015
1644,28.0
1645,29.9
1646,0.0
1647,0.0
1648,5.93
1649,5.86
1650,5.11
1651,0.0
1652,6.1
1653,0.0
1654,3.0
1655,6.19
1656,4.25
1657,3.14
1658,4.25
1659,3.88
1660,0.0
1661,30.0
1662,30.0
1663,5.13
1664,4.24
1665,5.33
1666,3.4375
1667,0.3
1668,18.9
1669,0.0
1670,76.0
1671,37.9
1672,0.0
1673,0.0
1674,57.45
1675,69.0
1676,52.6
1677,0.0
1678,83.0
1679,61.0
1680,0.0
1681,79.05
1682,0.0
1683,0.0
1684,68.8
1685,44.0
1686,77.7
1687,81.0
1688,83.3
1689,79.7
1690,74.3
1691,85.4
1692,93.0
1693,32.9
1694,64.0
1695,73.5
1696,61.0
1697,8.7
1698,8.7
1699,7.6
1700,7.6
1701,2.91
1702,2.91
1703,10.3
1704,10.3
1705,9.9
1706,9.875
1707,9.875
1708,11.23
1709,11.23
1710,0.0
1711,4.6
1712,5.745
1713,0.0
1714,0.0
1715,3.02
1716,0.0
1717,86.0
1718,0.0
1719,11.0
1720,0.0
1721,11.0
1722,4.0
1723,2.4
1724,4.05
1725,0.0
1726,2.59
1727,5.17
1728,0.0
1729,4.93
1730,4.0
1731,2.32
1732,2.1
1733,0.0
1734,2.686666667
1735,0.0
1736,1.0
1737,0.0
1738,3.5
1739,3.5
1740,1.4
1741,1.4
1742,1.7
1743,1.7
1744,2.91
1745,0.0
1746,1.875
1747,0.0
1748,6.0
1749,0.0
1750,2.2
1751,2.2
1752,0.0
1753,0.964
1754,5.3
1755,4.3
1756,0.0
1757,0.0
1758,80.0
1759,1.475
1760,0.0
1761,4.44
1762,79.3
1763,76.8
1764,79.2
1765,78.7
1766,80.75
1767,87.0
1768,0.0
1769,80.0
1770,77.4
1771,81.2
1772,81.9
1773,83.2
1774,81.0
1775,84.8
1776,85.16
1777,83.8
1778,83.3
1779,86.25
1780,0.0
1781,88.5
1782,87.0
1783,88.9
1784,81.8
1785,87.0
1786,87.35714286
1787,82.9
1788,44.7
1789,47.5
1790,0.0
1791,0.0
1792,24.0
1793,71.6
1794,87.0
1795,87.8
1796,0.0
1797,0.0
1798,87.0
1799,0.0
1800,81.25
1801,95.5
1802,104.0
1803,103.0
1804,93.6
1805,96.3
1806,97.6
1807,100.0
1808,91.8
1809,90.8
1810,86.1
1811,106.0
1812,92.0
1813,92.5
1814,102.0
1815,105.0
1816,121.0
1817,122.0
1818,127.0
1819,127.0
1820,123.0
1821,110.0
1822,100.0
1823,98.0
1824,80.8
1825,105.9816667
1826,132.9
1827,132.0
1828,130.0
1829,118.975
1830,89.9
1831,88.0
1832,92.8
1833,92.8
1834,44.0
1835,0.0
1836,0.0
1837,0.0
1838,0.0
1839,0.0
1840,0.0
1841,0.0
1842,0.0
1843,0.0
1844,0.0
1845,0.0
1846,0.0
1847,0.0
1848,0.0
1849,0.0
1850,0.0
1851,90.4
1852,73.0
1853,64.5
1854,72.0
1855,20.0
1856,36.0
1857,48.0
1858,0.0
1859,73.0
1860,95.0
1861,70.0
1862,73.5
1863,82.0
1864,79.1
1865,89.0
1866,73.0
1867,88.5
1868,98.0
1869,92.0
1870,95.6
1871,95.3
1872,93.4
1873,92.5
1874,90.9
1875,89.1
1876,82.0
1877,0.0
1878,97.0
1879,88.0
1880,97.4
1881,78.0
1882,95.16
1883,94.2
1884,80.0
1885,97.0
1886,85.0
1887,81.0
1888,78.0
1889,0.0
1890,59.0
1891,37.5
1892,24.2
1893,0.0
1894,24.0
1895,95.0
1896,81.0
1897,62.0
1898,47.0
1899,40.0
1900,16.0
1901,87.8
1902,64.9
1903,0.0
1904,45.3
1905,0.0
1906,0.0
1907,0.0
1908,0.0
1909,0.0
1910,0.0
1911,0.0
1912,0.0
1913,0.0
1914,0.0
1915,0.0
1916,0.0
1917,0.0
1918,0.0
1919,0.0
1920,0.0
1921,0.0
1922,28.6
1923,45.8
1924,61.1
1925,82.9
1926,76.4
1927,91.1
1928,93.9
1929,92.03333333
1930,0.0
1931,0.0
1932,0.0
1933,0.0
1934,0.0
1935,37.8
1936,53.8
1937,63.0
1938,93.8
1939,68.3
1940,92.0
1941,35.0
1942,0.0
1943,0.0
1944,0.0
1945,0.0
1946,0.0
1947,20.9
1948,39.6
1949,67.9
1950,57.7
1951,84.0
1952,93.1
1953,0.0
1954,0.0
1955,92.475
1956,0.0
1957,0.0
1958,0.0
1959,0.0
1960,51.7
1961,54.8
1962,57.1
1963,59.8
1964,81.0
1965,68.3
1966,89.6
1967,56.55
1968,73.5
1969,89.7
1970,86.8
1971,88.24
1972,0.0
1973,0.0
1974,0.0
1975,0.0
1976,0.0
1977,5.6
1978,40.7
1979,31.4
1980,68.2
1981,85.1
1982,78.35
1983,35.8
1984,84.1
1985,56.8925
1986,22.0
1987,0.0
1988,0.0
1989,25.93
1990,0.0
1991,0.0
1992,0.0
1993,0.0
1994,0.0
1995,0.0
1996,0.0
1997,0.0
1998,89.5
1999,91.0
2000,90.83333333
2001,23.5
2002,43.0
2003,54.9
2004,0.0
2005,74.46666667
2006,78.0
2007,0.0
2008,75.0
2009,63.5
2010,75.0
2011,74.0
2012,69.0
2013,72.66666667
2014,76.2
2015,0.0
2016,77.0
2017,72.3
2018,72.025
2019,66.78571429
2020,63.66666667
2021,55.25
2022,50.5
2023,37.875
2024,0.0
2025,0.0
2026,0.0
2027,79.0
2028,81.0
2029,87.0
2030,69.3
2031,78.0
2032,79.42
2033,78.8
2034,0.0
2035,3.9
2036,6.1
2037,0.0
2038,5.0
2039,6.0
2040,7.0
2041,0.24
2042,1.625
2043,8.2
2044,2.9
2045,3.3
2046,10.0
2047,8.1425
2048,16.6
2049,15.6
2050,9.0
2051,0.0
2052,3.1065
2053,0.0
2054,0.0
2055,0.0
2056,0.0
2057,0.0
2058,0.0
2059,0.0
2060,0.0
2061,0.0
2062,0.0
2063,0.0
2064,0.0
2065,0.0
2066,0.0
2067,0.0
2068,0.0
2069,0.0
2070,0.67
2071,0.66
2072,0.525
2073,0.519
2074,0.48
2075,0.637
2076,0.539
2077,0.58
2078,0.55
2079,0.5515000000000001
2080,0.602666667
2081,0.5315
2082,0.46
2083,0.415
2084,0.38
2085,0.344
2086,0.0
2087,0.917754545
2088,4.1
2089,0.0
2090,0.0
2091,0.0
2092,0.0
2093,1.47
2094,0.0
2095,0.0
2096,0.0
2097,0.0
2098,0.0
2099,0.0
2100,0.0
2101,0.0
2102,8.6
2103,2.5275
2104,9.2
2105,9.45
2106,9.2
2107,9.51
2108,4.12
2109,0.0
2110,0.0
2111,0.0
2112,0.0
2113,2.15
2114,2.3
2115,0.0
2116,1.35
2117,1.0
2118,0.0
2119,0.0
2120,0.0
2121,0.0
2122,0.0
2123,0.0
2124,0.0
2125,2.3
2126,14.7
2127,18.255000000000003
2128,1.21
2129,0.0
2130,4.275
2131,8.15
2132,5.55
2133,4.0
2134,1.51
2135,7.7
2136,8.8
2137,8.03
2138,2.25
2139,8.4
2140,2.8440000000000003
2141,6.0
2142,5.867142857
2143,8.1
2144,9.0
2145,0.0
2146,7.4
2147,8.35
2148,11.0
2149,9.45
2150,0.0
2151,11.0
2152,2.4
2153,0.158
2154,80.5
2155,107.25
2156,0.0
2157,0.0
2158,0.0
2159,2.895
2160,8.7
2161,76.0
2162,83.0
2163,85.0
2164,79.5
2165,75.0
2166,0.0
2167,0.0
2168,1.3
2169,1.533333333
2170,0.0
2171,0.0
2172,1.8
2173,0.0
2174,1.24
2175,7.11
2176,10.26
2177,3.1
2178,3.11
2179,2.5
2180,2.93
2181,7.033529412
2182,9.5
2183,7.86
2184,0.0
2185,0.0
2186,2.36
2187,1.74
2188,5.584
2189,4.1
2190,11.42166667
2191,12.2
2192,10.25
2193,12.2
2194,5.74
2195,3.6
2196,9.6
2197,0.0
2198,2.04
2199,2.22
2200,2.85
2201,0.0
2202,2.046
2203,2.35
2204,1.66
2205,0.0
2206,0.9
2207,0.0
2208,0.76
2209,2.5
2210,2.4625
2211,0.0
2212,1.0
2213,0.7
2214,0.0
2215,2.25
2216,0.0
2217,2.516666667
2218,4.25
2219,3.746666667
2220,1.0
2221,1.2
2222,0.0
2223,1.21
2224,1.45
2225,1.15
2226,0.906666667
2227,11.0
2228,2.04
2229,0.0
2230,0.0
2231,1.47
2232,0.0
2233,0.141
2234,0.0
2235,0.0
2236,0.0
2237,2.84
2238,0.0
2239,0.0
2240,0.0
2241,0.0
2242,0.0
2243,88.0
2244,89.4
2245,0.0
2246,48.0
2247,79.0
2248,68.35
2249,17.0
2250,73.0
2251,75.0
2252,89.9
2253,95.3
2254,80.0
2255,83.15
2256,75.455
2257,87.0
2258,80.0
2259,67.0
2260,76.5
2261,74.0
2262,65.7
2263,77.0
2264,92.55
2265,71.5
2266,78.0
2267,74.1
2268,0.0
2269,49.3
2270,58.0
2271,88.25
2272,0.0
2273,0.0
2274,0.0
2275,90.0
2276,86.45
2277,91.0
2278,81.3
2279,81.0
2280,89.125
2281,85.5
2282,89.26666667
2283,92.0
2284,91.0
2285,85.0
2286,74.0
2287,78.0
2288,70.0
2289,90.6
2290,73.0
2291,70.0
2292,70.0
2293,78.0
2294,0.0
2295,70.0
2296,89.0
2297,83.7
2298,84.0
2299,90.0
2300,86.0
2301,0.0
2302,67.2
2303,85.5
2304,92.2
2305,90.2
2306,89.1
2307,87.5
2308,70.0
2309,47.3
2310,47.2
2311,42.1
2312,76.4
2313,24.0
2314,30.0
2315,0.0
2316,7.38
2317,10.0
2318,16.0
2319,14.0
2320,10.0
2321,0.0
2322,7.0
2323,3.0
2324,8.0
2325,0.0
2326,0.0
2327,0.0
2328,0.0
2329,0.0
2330,3.675
2331,3.0
2332,2.715
2333,3.575
2334,0.0
2335,2.3
2336,0.0
2337,0.0
2338,0.79
2339,0.73
2340,3.823333333
2341,0.0
2342,0.96
2343,0.0775
2344,1.1
2345,0.0
2346,0.0
2347,0.0
2348,4.898
2349,8.6
2350,3.7325
2351,0.0
2352,1.85
2353,4.08
2354,4.06
2355,4.189
2356,0.155
2357,0.64
2358,3.7
2359,3.935
2360,3.175
2361,3.77
2362,5.7
2363,0.87
2364,82.4
2365,0.0
2366,0.85
2367,2.3333333335
2368,3.5
2369,0.0
2370,6.4
2371,2.85
2372,10.35
2373,11.35
2374,4.7
2375,5.5
2376,0.0
2377,0.0
2378,1.4
2379,7.03
2380,5.04
2381,18.0
2382,16.5
2383,10.5
2384,10.0
2385,0.0
2386,11.0
2387,0.0
2388,13.4
2389,17.2
2390,8.5
2391,17.8
2392,2.8
2393,9.0
2394,0.0
2395,0.0
2396,8.75
2397,8.1
2398,15.6
2399,17.0
2400,17.4
2401,10.0
2402,8.45
2403,1.8
2404,0.0
2405,14.7
2406,0.0
2407,4.43
2408,2.04
2409,0.0
2410,4.68
2411,0.0
2412,3.38
2413,0.0
2414,7.09
2415,0.0
2416,6.5
2417,6.3
2418,0.0
2419,7.0
2420,7.3
2421,11.84
2422,9.8
2423,0.0
2424,12.0
2425,9.7
2426,4.5
2427,6.5
2428,11.68
2429,2.5
2430,10.6
2431,16.97
2432,5.0
2433,5.0
2434,7.2
2435,11.0
2436,10.0
2437,8.3
2438,4.1
2439,11.5
2440,9.6
2441,12.9
2442,3.86
2443,3.133333333
2444,0.0
2445,7.42
2446,7.29
2447,7.2
2448,0.0
2449,0.0
2450,6.8
2451,6.3
2452,6.0
2453,4.85
2454,0.0
2455,0.0
2456,13.0
2457,0.0
2458,16.0
2459,0.0
2460,0.0
2461,0.0
2462,0.0
2463,6.93
2464,6.44
2465,5.96
2466,6.25
2467,5.17
2468,5.46
2469,4.9
2470,3.72
2471,8.58
2472,8.0
2473,6.88
2474,0.65
2475,3.9
2476,0.0
2477,12.7
2478,9.0
2479,11.9
2480,5.6
2481,3.4
2482,4.8
2483,4.5
2484,0.0
2485,0.0
2486,5.0
2487,0.0
2488,0.0
2489,0.0
2490,3.1
2491,0.0
2492,0.55
2493,0.0
2494,0.0
2495,0.0
2496,2.5
2497,4.12
2498,2.82
2499,4.5
2500,0.0
2501,0.0
2502,0.0
2503,2.8
2504,3.48
2505,5.6
2506,6.1
2507,6.51
2508,6.92
2509,6.715
2510,4.72
2511,6.91125
2512,0.0
2513,12.1
2514,12.7
2515,9.0
2516,12.22
2517,8.67
2518,11.3
2519,13.1
2520,7.7
2521,9.18
2522,11.3
2523,13.1
2524,8.5
2525,11.673
2526,8.9
2527,9.6
2528,13.5
2529,11.8
2530,13.5
2531,13.9
2532,13.2
2533,13.85
2534,13.65
2535,13.1
2536,13.3
2537,11.7
2538,11.5
2539,10.152
2540,6.021666667
2541,0.0
2542,0.0
2543,4.2
2544,10.27666667
2545,11.1
2546,13.2
2547,11.6
2548,10.025
2549,7.6
2550,1.9666666665
2551,0.0
2552,0.0
2553,0.0
2554,1.666666667
2555,2.02
2556,9.0
2557,0.0
2558,1.075
2559,10.5
2560,4.8
2561,9.41
2562,10.1
2563,10.0
2564,9.92
2565,8.6375
2566,1.63
2567,3.85
2568,0.0
2569,6.7
2570,0.0
2571,0.0
2572,0.0
2573,0.0
2574,0.0
2575,3.835
2576,0.0
2577,0.0
2578,3.15
2579,2.82
2580,0.0
2581,0.0
2582,10.7
2583,2.3
2584,0.0
2585,3.15
2586,3.31
2587,3.24
2588,3.48
2589,3.45
2590,0.0
2591,0.0
2592,0.0
2593,0.0
2594,9.9175
2595,0.0
2596,1.65
2597,7.2
2598,2.08
2599,5.4
2600,1.26
2601,2.79
2602,4.45
2603,2.29
2604,1.23375
2605,2.89
2606,3.33
2607,3.8
2608,5.0
2609,0.0
2610,6.005
2611,6.535
2612,7.445
2613,0.0
2614,0.0
2615,0.0
2616,0.0
2617,0.0
2618,0.0
2619,0.0
2620,0.0
2621,1.41
2622,1.09
2623,1.465
2624,0.0
2625,0.0
2626,0.0
2627,0.0
2628,3.7
2629,3.52
2630,0.0
2631,3.895428571
2632,0.0
2633,0.0
2634,0.0
2635,6.8
2636,8.2
2637,5.4
2638,10.66
2639,10.3
2640,0.0
2641,0.0
2642,6.7
2643,0.0
2644,14.85625
2645,0.0
2646,0.0
2647,3.6
2648,8.4
2649,11.303
2650,1.65
2651,6.496666667
2652,0.152
2653,0.0675
2654,0.152375
2655,0.01205
2656,0.0
2657,0.0
2658,0.0
2659,0.0
2660,0.0
2661,0.0
2662,0.0
2663,5.55
2664,9.2
2665,0.5
2666,15.0
2667,20.0
2668,20.1
2669,23.0
2670,23.0
2671,23.85
2672,24.0
2673,28.0
2674,32.0
2675,23.0
2676,47.0
2677,34.0
2678,0.0
2679,34.0
2680,30.0
2681,33.0
2682,32.0
2683,20.5
2684,0.0
2685,61.0
2686,5.67
2687,0.0
2688,0.0
2689,0.0
2690,28.0
2691,30.0
2692,38.0
2693,0.0
2694,0.0
2695,0.0
2696,27.0
2697,65.0
2698,77.0
2699,32.0
2700,40.0
2701,0.525
2702,0.0
2703,76.0
2704,39.5
2705,0.0
2706,35.0
2707,75.56666667
2708,0.0
2709,52.5
2710,0.0
2711,0.0
2712,0.0
2713,105.2
2714,58.0
2715,52.75
2716,99.3
2717,0.0
2718,26.5
2719,26.9
2720,24.0
2721,27.6
2722,27.7
2723,26.0
2724,27.055
2725,25.0
2726,19.7
2727,24.225
2728,30.0
2729,20.0
2730,15.14
2731,24.0
2732,26.95
2733,41.0
2734,0.0
2735,0.0
2736,0.0
2737,18.0
2738,15.0
2739,0.0
2740,0.0
2741,102.0
2742,31.0
2743,83.15
2744,51.6
2745,0.0
2746,0.0
2747,4.2375
2748,0.0
2749,3.4
2750,1.6
2751,1.6
2752,3.3
2753,5.075
2754,13.0
2755,0.0
2756,0.0
2757,0.0
2758,7.0
2759,2.8
2760,0.65
2761,0.0
2762,2.3
2763,0.0
2764,8.7
2765,6.4
2766,0.0
2767,0.0
2768,1.35
2769,1.37
2770,4.25
2771,0.0
2772,2.04
2773,0.0
2774,7.73
2775,0.0
2776,0.0
2777,71.5
2778,0.6
2779,1.0
2780,1.3
2781,0.0
2782,0.0
2783,5.75
2784,1.7
2785,2.1
2786,1.7
2787,6.95
2788,7.4775
2789,0.0
2790,3.3
2791,11.2
2792,1.3
2793,1.3
2794,3.65
2795,2.54
2796,9.55
2797,0.0
2798,1.7
2799,0.0
2800,0.016
2801,0.16
2802,0.105
2803,0.185
2804,0.52414
2805,0.0
2806,1.8
2807,2.4
2808,0.0
2809,3.65
2810,0.0
2811,0.0
2812,1.102857143
2813,1.0
2814,0.0
2815,1.765
2816,0.0
2817,4.33
2818,0.0
2819,0.0
2820,0.0
2821,3.47
2822,13.0
2823,8.2
2824,7.11
2825,0.0
2826,23.6
2827,7.01
2828,1.92
2829,1.86
2830,0.0
2831,0.0
2832,5.75
2833,6.8
2834,3.616
2835,5.72
2836,13.8
2837,0.0
2838,0.0
2839,0.0
2840,5.58
2841,4.42
2842,4.02
2843,0.0
2844,5.52
2845,4.61
2846,30.3
2847,20.35
2848,21.5
2849,0.0
2850,24.3
2851,28.5
2852,27.1625
2853,0.0
2854,24.3
2855,0.0
2856,3.9
2857,15.32
2858,21.2
2859,21.83333333
2860,0.0
2861,9.4
2862,0.0
2863,22.3
2864,22.9
2865,19.35
2866,22.7
2867,3.43
2868,22.5
2869,16.4
2870,7.75
2871,0.0
2872,9.25
2873,11.9
2874,21.2325
2875,18.05714286
2876,2.444
2877,1.5
2878,7.225
2879,12.8
2880,15.425
2881,0.0
2882,0.0
2883,0.0
2884,0.0
2885,0.0
2886,0.0
2887,0.0
2888,4.11
2889,4.8
2890,3.012
2891,0.0
2892,7.5
2893,0.0
2894,0.0
2895,0.0
2896,1.015
2897,1.278
2898,3.0
2899,14.7
2900,0.0
2901,1.767
2902,2.01
2903,0.0
2904,0.727
2905,0.668
2906,25.05
2907,0.0
2908,0.449
2909,1.647
2910,1.3
2911,0.0
2912,33.0
2913,2.134
2914,0.0
2915,0.0
2916,1.4
2917,4.92
2918,0.78
2919,1.19
2920,5.611
2921,4.51
2922,0.86
2923,1.97
2924,0.0
2925,6.14
2926,0.92
2927,30.0
2928,4.4985
2929,5.82
2930,2.56
2931,1.84
2932,5.91
2933,1.31
2934,3.38
2935,6.55
2936,1.68
2937,1.95
2938,1.945
2939,7.181
2940,1.84
2941,0.0
2942,0.0
2943,4.69
2944,0.0
2945,6.17
2946,0.15
2947,2.13
2948,2.0
2949,1.89
2950,0.03
2951,0.4
2952,0.57
2953,1.22
2954,1.78
2955,0.0
2956,1.6
2957,7.194
2958,6.55
2959,0.85
2960,4.74
2961,3.5
2962,2.4
2963,1.93
2964,0.0
2965,1.52
2966,0.0
2967,0.62
2968,1.56
2969,0.0
2970,1.38
2971,2.0
2972,0.0
2973,1.42
2974,2.13
2975,1.41
2976,1.73
2977,0.88
2978,1.57
2979,2.18
2980,1.69
2981,1.89
2982,1.86
2983,2.25
2984,0.86
2985,0.35
2986,0.87
2987,0.47
2988,0.676666667
2989,2.037307692
2990,1.1125
2991,0.0
2992,0.0
2993,0.52
2994,0.385
2995,0.27
2996,0.2
2997,0.2
2998,0.1675
2999,0.1
3000,1.32
3001,0.6497
3002,0.0
3003,0.0
3004,0.63
3005,0.50525
3006,0.31
3007,0.0
3008,0.0
3009,0.216666667
3010,0.805
3011,0.455
3012,0.13
3013,2.04
3014,0.92
3015,0.0
3016,0.63
3017,1.2
3018,0.0
3019,0.67
3020,0.0
3021,0.429
3022,0.734
3023,0.897
3024,0.35
3025,0.770428571
3026,1.652222222
3027,2.1
3028,1.53
3029,0.0
3030,3.34
3031,1.82
3032,0.0
3033,0.0
3034,0.0
3035,0.0
3036,0.0
3037,0.0
3038,0.0
3039,0.0
3040,0.421
3041,4.08
3042,3.4
3043,0.0
3044,0.14
3045,0.0
3046,0.0
3047,0.669222222
3048,0.0
3049,0.914
3050,0.0
3051,0.0
3052,0.356666667
3053,5.998272727
3054,1.25
3055,0.0
3056,0.0
3057,0.0
3058,0.0
3059,0.4
3060,0.22
3061,0.0
3062,0.69
3063,0.8125
3064,0.0
3065,0.0
3066,0.0
3067,0.0
3068,0.0
3069,0.0
3070,0.0
3071,0.0
3072,0.0
3073,0.0
3074,24.0
3075,13.16666667
3076,0.0
3077,70.0
3078,0.0
3079,22.0
3080,22.9
3081,19.0
3082,15.0
3083,15.2
3084,12.2
3085,15.0
3086,13.8
3087,14.2
3088,11.6
3089,14.0
3090,0.0
3091,13.0
3092,22.0
3093,17.0
3094,11.0
3095,25.5
3096,16.4
3097,1.0
3098,2.28
3099,4.0
3100,10.0
3101,1.96
3102,2.58
3103,6.62
3104,6.45
3105,1.4
3106,3.8
3107,5.0
3108,1.9
3109,8.4
3110,6.04
3111,1.57
3112,5.52
3113,0.0
3114,1.87
3115,0.35
3116,13.0
3117,3.3
3118,1.26
3119,0.91
3120,0.0
3121,3.1325
3122,0.0
3123,4.2
3124,4.89
3125,0.0
3126,5.14
3127,5.88
3128,5.56
3129,5.98
3130,0.0
3131,5.41
3132,10.0
3133,5.29
3134,5.83
3135,2.2
3136,2.0
3137,6.52
3138,5.79
3139,1.5
3140,0.0
3141,0.0
3142,0.0
3143,0.0
3144,0.0
3145,0.0
3146,0.0
3147,6.07
3148,13.5
3149,5.72
3150,16.6
3151,5.94
3152,0.0
3153,0.0
3154,0.0
3155,2.7
3156,2.0
3157,3.4
3158,2.13
3159,0.0
3160,3.4
3161,2.79
3162,2.82
3163,3.62
3164,3.04
3165,2.61
3166,3.0
3167,1.6
3168,0.0
3169,7.2
3170,0.0
3171,8.4
3172,0.288
3173,0.423
3174,0.541
3175,0.667
3176,0.153
3177,0.5995
3178,0.0
3179,0.0
3180,0.0
3181,0.56
3182,0.0
3183,0.0
3184,0.0
3185,0.0
3186,4.226666667
3187,0.175
3188,0.0
3189,0.0
3190,0.0
3191,0.0
3192,0.0
3193,0.0
3194,6.0
3195,0.0
3196,0.0
3197,0.0
3198,0.0
3199,0.0
3200,2.89
3201,0.0
3202,0.0
3203,0.0
3204,0.0
3205,0.0
3206,1.306666667
3207,0.0
3208,0.82
3209,0.0
3210,0.71
3211,3.44
3212,1.7
3213,2.358
3214,0.0
3215,0.34
3216,0.0
3217,5.4114285715
3218,3.6125
3219,0.0
3220,3.78
3221,3.12
3222,2.6
3223,0.0
3224,0.0
3225,0.0
3226,0.0
3227,2.67
3228,2.48
3229,1.815
3230,2.033333333
3231,0.0
3232,0.0
3233,0.0
3234,2.425
3235,4.81
3236,2.5
3237,2.85
3238,20.0
3239,11.0
3240,2.4
3241,1.2
3242,0.6
3243,4.18
3244,37.5
3245,12.6
3246,0.0
3247,0.155
3248,1.36
3249,0.83
3250,43.0
3251,3.3
3252,0.0
3253,11.3
3254,0.045
3255,0.1
3256,0.03
3257,0.0
3258,1.3
3259,0.83
3260,3.906
3261,3.468
3262,0.071
3263,0.0
3264,0.0
3265,0.76
3266,1.1
3267,0.75
3268,2.5
3269,0.5
3270,117.5
3271,98.0
3272,1.55
3273,132.0
3274,25.0
3275,0.0
3276,0.0
3277,0.0
3278,0.0
3279,0.0
3280,0.0
3281,0.0
3282,0.0
3283,3.7
3284,0.0
3285,0.0
3286,0.0
3287,0.0
3288,0.256
3289,0.0
3290,0.0
3291,0.0
3292,3.3
3293,0.0
3294,6.7
3295,6.0
3296,4.0
3297,1.12
3298,0.0
3299,2.0
3300,2.0
3301,3.27
3302,0.0
3303,0.0
3304,5.1
3305,11.9
3306,17.6
3307,14.4
3308,30.0
3309,0.0
3310,1.56
3311,0.0
3312,23.0
3313,0.0
3314,0.0
3315,0.0
3316,0.0
3317,3.3
3318,0.0
3319,0.047
3320,3.3
3321,2.95
3322,0.0
3323,0.175
3324,0.048
3325,0.24
3326,0.07
3327,0.145
3328,0.13
3329,0.0
3330,3.32
3331,0.0
3332,0.0
3333,0.0
3334,0.0
3335,0.0
3336,0.0
3337,2.45
3338,0.0
3339,0.0
3340,0.0
3341,0.0
3342,0.0
3343,0.0
3344,0.0
3345,0.0
3346,0.0
3347,0.0
3348,0.0
3349,0.0
3350,37.0
3351,5.08
3352,0.0
3353,19.0
3354,0.0
3355,0.0
3356,0.0
3357,0.0
3358,0.0
3359,44.33333333
3360,0.0
3361,43.5
3362,0.0
3363,0.0
3364,20.0
3365,21.0
3366,41.0
3367,36.9
3368,42.4
3369,31.9
3370,42.5
3371,41.45
3372,27.0
3373,6.0
3374,0.0
3375,4.98
3376,8.0
3377,9.5875
3378,19.5
3379,13.0
3380,17.7
3381,19.8
3382,21.5
3383,21.15
3384,25.0
3385,0.0
3386,30.5
3387,0.0
3388,25.0
3389,33.7
3390,36.0
3391,39.35
3392,35.0
3393,36.9
3394,39.25
3395,0.0
3396,33.55
3397,0.0
3398,34.7
3399,33.0
3400,33.0
3401,35.5
3402,30.04
3403,33.0
3404,28.414
3405,29.7
3406,27.0
3407,29.2
3408,26.3
3409,16.0
3410,25.0
3411,22.25
3412,18.26666667
3413,28.0
3414,12.0
3415,11.7
3416,17.2
3417,4.51
3418,22.0
3419,0.0
3420,0.0
3421,0.0
3422,0.0
3423,0.0
3424,0.0
3425,0.0
3426,0.0
3427,0.0
3428,0.0
3429,0.0
3430,25.0
3431,16.0
3432,0.0
3433,0.0
3434,0.9
3435,38.5
3436,33.0
3437,30.0
3438,0.0
3439,0.0
3440,32.0
3441,0.0
3442,32.0
3443,0.0
3444,34.7
3445,0.0
3446,42.0
3447,30.0
3448,30.7
3449,35.0
3450,34.0
3451,29.7
3452,32.0
3453,0.0
3454,29.1
3455,0.0
3456,17.0
3457,38.0
3458,36.0
3459,40.4
3460,45.0
3461,45.2
3462,45.0
3463,37.8
3464,0.0
3465,43.5
3466,43.0
3467,31.0
3468,0.0
3469,0.0
3470,37.5
3471,0.0
3472,0.0
3473,5.9
3474,0.0
3475,0.0
3476,37.5
3477,35.0
3478,18.0
3479,30.7
3480,22.5
3481,21.0
3482,31.3
3483,0.0
3484,0.0
3485,39.0
3486,41.5
3487,0.0
3488,0.0
3489,1.92
3490,1.26
3491,2.7
3492,2.86
3493,3.794
3494,3.4625
3495,1.585
3496,2.2
3497,1.625
3498,1.5325
3499,0.0
3500,4.45
3501,0.0
3502,1.7000000000000002
3503,2.22375
3504,43.0
3505,44.0
3506,0.0
3507,38.6
3508,32.6
3509,0.0
3510,36.6
3511,38.6
3512,38.6
3513,36.6
3514,0.0
3515,0.0
3516,0.0
3517,0.0
3518,0.0
3519,0.0
3520,70.0
3521,0.0
3522,0.0
3523,0.0
3524,1.3
3525,3.465
3526,0.0
3527,0.0
3528,0.235
3529,0.0
3530,0.0
3531,0.0
3532,26.05
3533,37.75
3534,28.4
3535,0.0
3536,0.0
3537,0.0
3538,0.0
3539,53.5
3540,0.0
3541,43.5
3542,53.0
3543,0.0
3544,21.0
3545,23.5
3546,32.2
3547,38.0
3548,32.5
3549,22.0
3550,0.0
3551,0.0
3552,0.0
3553,11.65
3554,0.0
3555,34.575
3556,29.8
3557,12.9
3558,37.8
3559,29.2
3560,30.0
3561,32.2
3562,36.9
3563,40.3
3564,36.3
3565,0.0
3566,16.45
3567,0.0
3568,0.0
3569,0.0
3570,0.0
3571,0.0
3572,0.0
3573,0.0
3574,0.0
3575,1.85
3576,0.0
3577,0.0
3578,0.0
3579,0.0
3580,0.085
3581,0.0
3582,0.0
3583,0.0
3584,0.0
3585,0.0
3586,4.91
3587,76.5
3588,0.0
3589,0.0
3590,0.0
3591,0.0
3592,0.0
3593,0.0
3594,0.0
3595,0.9205
3596,0.0
3597,0.0
3598,1.173333333
3599,1.4
3600,0.0
3601,3.26
3602,0.543333333
3603,0.0
3604,0.021
3605,0.0
3606,0.2
3607,1.2
3608,0.0
3609,4.52
3610,2.8
3611,3.77
3612,2.75
3613,3.46
3614,1.4
3615,0.0
3616,0.0
3617,2.95
3618,0.0
3619,1.6
3620,0.0
3621,0.0
3622,0.0
3623,0.0
3624,0.0
3625,0.0
3626,0.0
3627,0.0
3628,0.0
3629,3.87
3630,4.055
3631,3.8
3632,3.215
3633,2.59
3634,2.08
3635,1.26
3636,1.6
3637,0.0
3638,0.0
3639,0.0
3640,0.0
3641,0.0
3642,0.585
3643,0.0
3644,1.36
3645,0.0
3646,0.0
3647,0.465
3648,0.0
3649,0.0
3650,0.0
3651,0.0
3652,1.375
3653,0.0
3654,0.0
3655,0.0
3656,0.0
3657,0.0
3658,7.8
3659,7.21
3660,6.8
3661,7.8
3662,2.34
3663,0.0
3664,6.22
3665,10.3
3666,3.0
3667,4.58
3668,13.4
3669,3.12
3670,2.51
3671,0.0
3672,10.1
3673,7.04
3674,2.31
3675,6.41
3676,2.65
3677,3.0
3678,2.13
3679,2.6
3680,2.13
3681,2.04
3682,2.02
3683,4.49
3684,1.78
3685,2.1
3686,1.85
3687,0.0
3688,0.2
3689,1.4
3690,10.0
3691,14.4
3692,8.8
3693,0.0
3694,1.0
3695,7.85
3696,32.4
3697,0.0
3698,32.0
3699,30.4
3700,31.0
3701,32.0
3702,31.0
3703,0.0
3704,31.15
3705,32.0
3706,32.0
3707,0.0
3708,31.5
3709,22.4
3710,32.5
3711,29.8
3712,32.0
3713,31.9
3714,31.0
3715,0.0
3716,31.0
3717,0.0
3718,0.0
3719,0.0
3720,5.458571429
3721,4.965
3722,6.8
3723,0.0
3724,3.586666667
3725,2.5
3726,0.0
3727,9.58
3728,10.1
3729,10.7
3730,6.8
3731,10.27
3732,10.0
3733,7.28
3734,3.73
3735,2.75
3736,0.0
3737,0.0
3738,0.0
3739,0.0
3740,0.0
3741,0.0
3742,3.35
3743,11.5
3744,8.2
3745,6.0
3746,9.816666665
3747,13.225
3748,13.8
3749,15.0
3750,13.5
3751,14.0
3752,13.2
3753,14.8
3754,15.0
3755,12.6
3756,12.7
3757,14.4
3758,13.733333335
3759,13.675625
3760,13.3
3761,8.65
3762,7.83
3763,9.62
3764,8.843333333
3765,7.4
3766,7.0
3767,8.545
3768,8.105
3769,6.99
3770,0.0
3771,0.0
3772,0.0
3773,0.0
3774,1.5
3775,0.0
3776,3.88875
3777,0.17
3778,0.98
3779,0.0
3780,0.0
3781,0.0
3782,0.0
3783,0.0
3784,0.0
3785,0.99
3786,0.0
3787,32.6
3788,30.05
3789,29.5
3790,31.36428571
3791,0.0
3792,15.25
3793,2.9
3794,0.0
3795,0.0
3796,0.0
3797,0.0
3798,0.5
3799,0.0
3800,2.9
3801,3.51
3802,3.51
3803,4.83
3804,4.33
3805,4.16
3806,5.492222222
3807,4.57
3808,0.0
3809,0.0
3810,1.3825
3811,1.595
3812,0.0
3813,0.0
3814,2.016666667
3815,3.075
3816,0.0
3817,0.0
3818,0.0
3819,0.0
3820,0.0
3821,5.6
3822,18.3
3823,18.3
3824,13.3
3825,13.3
3826,2.7
3827,18.2
3828,3.8
3829,10.7
3830,10.0
3831,12.3
3832,13.3
3833,14.6
3834,20.2
3835,13.8
3836,19.9
3837,14.9
3838,13.9
3839,18.16296296333333
3840,18.6
3841,14.32088889
3842,12.2
3843,10.5
3844,12.1
3845,15.783333335
3846,17.4
3847,11.415
3848,12.5
3849,15.4
3850,20.2
3851,9.4
3852,16.5
3853,9.25
3854,16.3
3855,14.1
3856,0.0
3857,7.8
3858,20.3
3859,16.0
3860,8.7
3861,16.4
3862,7.4
3863,7.3
3864,16.4
3865,5.6
3866,16.3
3867,14.6
3868,9.5
3869,8.1
3870,6.9
3871,6.9
3872,7.2
3873,13.6
3874,12.7
3875,14.65
3876,16.2
3877,11.24
3878,4.24
3879,11.5
3880,13.1
3881,15.35
3882,10.2
3883,16.1
3884,16.1
3885,10.6
3886,4.73
3887,10.7
3888,5.527454545
3889,5.04
3890,4.75
3891,1.3
3892,6.4
3893,1.12
3894,0.21
3895,7.8
3896,0.0
3897,5.82
3898,0.0
3899,9.0
3900,11.7
3901,0.0
3902,0.76
3903,2.925
3904,2.4
3905,13.5
3906,2.3
3907,0.0
3908,1.54
3909,2.9
3910,11.9
3911,2.87
3912,8.25
3913,1.74
3914,10.8
3915,4.78
3916,0.0
3917,5.8
3918,5.0
3919,0.0
3920,12.3
3921,0.0
3922,13.4
3923,0.0
3924,16.45
3925,5.3
3926,6.3
3927,9.9
3928,11.5
3929,0.0
3930,0.0
3931,0.38
3932,9.7
3933,15.6
3934,15.1
3935,13.6
3936,0.575
3937,1.97
3938,1.9
3939,0.0
3940,0.0
3941,1.68
3942,0.0
3943,2.25
3944,1.35
3945,0.0
3946,2.1
3947,0.0
3948,0.0
3949,0.69
3950,3.85
3951,9.7
3952,0.0
3953,0.0
3954,3.57
3955,0.0
3956,0.0
3957,0.0
3958,0.0
3959,0.0
3960,0.0
3961,2.5
3962,2.0
3963,0.0
3964,2.9
3965,2.225
3966,1.925
3967,8.5
3968,7.92
3969,5.94
3970,6.0
3971,7.9
3972,3.23
3973,3.24
3974,5.04
3975,2.73
3976,4.3
3977,3.48
3978,6.04
3979,2.27
3980,3.5
3981,2.71
3982,1.61
3983,2.41
3984,3.76
3985,4.64
3986,4.1
3987,0.0
3988,0.0
3989,4.28
3990,2.2
3991,0.0
3992,0.0
3993,0.0
3994,0.0
3995,0.0
3996,18.1
3997,5.7925
3998,14.3
3999,17.985
4000,14.133333333333333
4001,6.4
4002,5.3
4003,2.16
4004,6.4
4005,8.2
4006,6.6
4007,6.0
4008,17.78333333
4009,16.1
4010,0.0
4011,3.3
4012,0.0
4013,0.0
4014,6.8
4015,8.7
4016,0.0
4017,11.625
4018,0.8999999999999999
4019,0.24
4020,0.0
4021,7.6
4022,7.2
4023,0.311
4024,0.246
4025,0.171
4026,0.0855
4027,3.9475
4028,0.0
4029,2.4
4030,1.57
4031,2.17
4032,2.17
4033,2.17
4034,1.87
4035,1.3
4036,1.44
4037,0.82
4038,2.72
4039,2.76
4040,2.17
4041,1.25
4042,2.7
4043,2.55
4044,2.76
4045,2.79
4046,8.946666667
4047,1.35
4048,8.58
4049,8.253333333
4050,0.7
4051,7.876
4052,4.71
4053,0.0
4054,0.0
4055,3.6
4056,2.3
4057,2.3
4058,0.0
4059,3.9
4060,0.0
4061,2.116666667
4062,0.0
4063,1.9
4064,0.0
4065,4.7
4066,0.0
4067,3.4
4068,2.1792
4069,1.9
4070,0.0
4071,4.2
4072,0.0
4073,0.0
4074,0.0
4075,0.244
4076,9.0
4077,0.0
4078,8.0
4079,0.178
4080,0.0
4081,0.0
4082,6.0
4083,6.68
4084,0.0
4085,0.0
4086,0.83
4087,0.95
4088,1.86
4089,1.67
4090,0.0
4091,1.95
4092,0.0
4093,2.2
4094,1.5
4095,1.51
4096,1.1
4097,1.976666667
4098,0.345
4099,1.04
4100,0.48
4101,3.5
4102,2.6
4103,1.5275
4104,0.0
4105,3.15
4106,0.8825
4107,1.1
4108,2.6
4109,2.92
4110,3.23
4111,3.24
4112,3.22
4113,3.16
4114,2.96
4115,2.82
4116,2.89
4117,2.892
4118,1.1
4119,1.17
4120,1.1
4121,2.7
4122,0.0
4123,1.1
4124,1.1
4125,2.12
4126,1.1
4127,1.3
4128,1.15
4129,0.0
4130,0.0
4131,0.55
4132,0.0
4133,3.8
4134,1.65
4135,0.0
4136,0.303333333
4137,0.0
4138,0.46
4139,1.5
4140,1.0
4141,2.12
4142,1.55
4143,0.0
4144,0.0
4145,0.99
4146,2.35
4147,0.0
4148,2.493333333
4149,0.0
4150,7.0
4151,2.6
4152,0.87
4153,0.0
4154,0.0
4155,0.0
4156,1.855
4157,1.449
4158,3.625
4159,3.478
4160,5.523
4161,6.6
4162,6.377
4163,6.45
4164,7.355
4165,7.39
4166,9.275
4167,4.11
4168,0.0
4169,8.025
4170,0.0
4171,0.0
4172,0.0
4173,8.35
4174,17.0
4175,9.45
4176,6.62
4177,8.85
4178,0.0
4179,1.0
4180,9.9
4181,8.98
4182,6.61
4183,8.905
4184,6.28
4185,10.1
4186,6.05
4187,9.935
4188,2.77
4189,9.96
4190,2.79
4191,10.67
4192,2.6
4193,10.45
4194,9.76
4195,2.89
4196,9.54
4197,8.8
4198,9.73
4199,9.49
4200,9.22
4201,9.11
4202,5.47
4203,9.93
4204,9.655
4205,9.19
4206,9.19
4207,0.064
4208,2.63
4209,0.210166667
4210,6.6
4211,8.83
4212,0.0
4213,0.0
4214,0.0
4215,5.815
4216,0.0
4217,2.27
4218,11.79666667
4219,5.203333333
4220,0.865
4221,1.15
4222,0.0
4223,0.0
4224,0.0
4225,0.0
4226,0.0
4227,5.6
4228,8.984
4229,9.2
4230,0.0
4231,10.1
4232,0.0
4233,0.87
4234,1.72
4235,0.0
4236,0.0
4237,0.0
4238,4.3
4239,3.81
4240,3.888
4241,3.875
4242,4.1366
4243,0.0
4244,0.0
4245,0.935
4246,0.16
4247,0.0
4248,5.7
4249,5.8
4250,0.0
4251,0.0
4252,1.2
4253,4.0
4254,0.0
4255,1.62
4256,0.0
4257,0.0
4258,0.0
4259,3.18
4260,1.7
4261,0.48
4262,0.0
4263,3.28
4264,3.27
4265,3.05
4266,0.0
4267,0.0
4268,0.0
4269,3.86
4270,0.0
4271,3.42
4272,4.06
4273,0.0
4274,0.0
4275,0.0
4276,0.0
4277,0.0
4278,0.0
4279,0.0
4280,0.0
4281,0.0
4282,0.0
4283,0.0
4284,0.0
4285,1.2
4286,1.96
4287,0.936
4288,1.13
4289,1.017
4290,1.22
4291,1.653
4292,1.273333333
4293,1.355
4294,1.746
4295,1.76
4296,18.28
4297,0.0
4298,18.1
4299,4.1
4300,3.64
4301,17.8
4302,16.2
4303,3.035
4304,3.595
4305,4.46
4306,2.48
4307,4.51
4308,5.0525
4309,4.4
4310,2.98
4311,5.4
4312,5.65
4313,5.725
4314,0.0
4315,3.18
4316,7.3
4317,3.67
4318,1.04
4319,1.15
4320,1.55
4321,7.8
4322,3.223
4323,2.04
4324,2.7
4325,3.549542857
4326,3.51
4327,3.41
4328,2.6
4329,2.8
4330,1.19
4331,1.0
4332,1.03
4333,1.3
4334,9.61
4335,3.2
4336,0.0
4337,1.975
4338,4.9
4339,0.0
4340,0.7
4341,1.04
4342,2.645
4343,0.0
4344,0.0
4345,0.0
4346,3.9
4347,3.32
4348,0.0
4349,0.0
4350,2.206
4351,0.0
4352,0.0
4353,0.0
4354,1.5
4355,0.7125
4356,3.3
4357,0.0
4358,3.7
4359,0.7
4360,0.24
4361,3.32
4362,0.095
4363,2.68
4364,1.2
4365,0.0
4366,0.0
4367,0.87
4368,0.0
4369,2.43
4370,2.38
4371,0.0
4372,2.25
4373,2.75
4374,0.21
4375,6.7
4376,2.93
4377,3.1
4378,0.18
4379,0.0
4380,0.18
4381,1.81
4382,0.61
4383,1.69
4384,1.5
4385,1.98
4386,0.12
4387,0.13
4388,0.4
4389,0.026
4390,0.0
4391,0.24835
4392,1.7
4393,0.0
4394,2.16
4395,0.028
4396,0.5
4397,0.0
4398,0.0
4399,2.39
4400,1.92
4401,3.22
4402,0.0
4403,0.66
4404,0.03
4405,2.385
4406,4.7
4407,2.69
4408,2.5
4409,2.683333333
4410,4.68
4411,2.99
4412,2.9725
4413,0.0
4414,2.7
4415,3.07
4416,1.4275
4417,0.0
4418,2.05
4419,0.0
4420,0.0
4421,2.61
4422,0.091333333
4423,4.75
4424,4.675
4425,3.16
4426,5.66
4427,4.86
4428,5.3
4429,2.3
4430,1.473333333
4431,0.0
4432,0.0
4433,0.0
4434,5.325
4435,8.031
4436,7.9
4437,0.0
4438,1.4075
4439,0.0
4440,3.61
4441,3.46
4442,0.0
4443,0.0
4444,0.0
4445,0.0
4446,0.0
4447,0.0
4448,0.5
4449,0.0
4450,6.5
4451,1.675
4452,2.7
4453,2.04
4454,0.0
4455,0.715
4456,0.93
4457,0.0
4458,0.0
4459,1.18
4460,0.37
4461,5.185
4462,0.14
4463,0.0
4464,0.0
4465,0.0
4466,7.365
4467,5.065
4468,2.46
4469,0.0
4470,0.24
4471,1.198333333
4472,2.47
4473,0.0
4474,1.55
4475,2.215
4476,1.1
4477,1.949166667
4478,5.7
4479,6.11
4480,0.0
4481,1.635
4482,1.61
4483,0.0
4484,4.1
4485,3.1
4486,2.8
4487,3.2
4488,4.425
4489,0.0
4490,0.0
4491,0.0
4492,3.005
4493,1.8
4494,1.52
4495,0.0
4496,0.0
4497,3.5
4498,0.0
4499,4.88
4500,2.55
4501,7.915
4502,3.82
4503,8.311428571
4504,0.95
4505,2.906666667
4506,0.0
4507,5.016666667
4508,2.13
4509,3.93
4510,3.9
4511,0.5
4512,0.0
4513,0.885
4514,0.0
4515,0.0
4516,0.0
4517,0.0
4518,0.0
4519,0.0
4520,0.0
4521,0.0
4522,0.0
4523,0.46
4524,0.8
4525,9.60375
4526,0.71
4527,0.0
4528,0.0
4529,2.1
4530,0.0
4531,0.0
4532,16.48
4533,1.8
4534,1.815
4535,5.58
4536,15.92
4537,1.7
4538,4.73
4539,0.0
4540,0.0
4541,3.94
4542,0.54
4543,1.7225
4544,1.528
4545,0.0
4546,1.0
4547,0.0
4548,0.8
4549,1.46
4550,0.37
4551,0.0
4552,9.4
4553,6.1
4554,3.315
4555,1.88
4556,6.26
4557,10.25
4558,0.9865
4559,1.34
4560,0.55
4561,4.18
4562,1.73
4563,2.04
4564,6.8
4565,5.17
4566,2.29
4567,0.8
4568,11.0
4569,2.56
4570,2.76
4571,3.3
4572,0.7
4573,5.49
4574,1.16
4575,3.04
4576,0.0
4577,3.27
4578,3.42
4579,1.92
4580,3.71
4581,1.42
4582,0.0
4583,0.0
4584,2.58
4585,0.48
4586,0.0
4587,0.0
4588,5.343
4589,0.0
4590,0.0
4591,1.05
4592,6.73
4593,11.23333333
4594,0.0
4595,1.175
4596,3.23
4597,2.82
4598,1.275
4599,0.0
4600,3.0
4601,1.0
4602,1.23
4603,0.59
4604,2.6
4605,0.0
4606,7.575
4607,0.9
4608,0.80775
4609,0.0
4610,6.923333333
4611,2.5
4612,0.75
4613,3.933333333
4614,1.18
4615,1.75
4616,4.46
4617,4.086666667
4618,3.25
4619,2.7
4620,1.3
4621,0.39
4622,0.0
4623,3.5166666665
4624,0.23
4625,1.4325
4626,0.3
4627,0.0
4628,0.0
4629,2.1
4630,4.35
4631,2.245
4632,1.916666667
4633,0.0
4634,1.658
4635,2.6
4636,3.7032
4637,3.5
4638,7.316
4639,3.293333333
4640,0.84
4641,0.0
4642,0.8
4643,1.02
4644,6.7
4645,1.6
4646,1.5
4647,3.6
4648,6.358285714
4649,1.48
4650,1.566666667
4651,1.04
4652,5.25
4653,3.36
4654,4.33
4655,4.81
4656,7.7
4657,7.55
4658,0.0
4659,0.0
4660,0.0
4661,0.0
4662,0.0
4663,0.0
4664,4.4
4665,1.85
4666,0.0
4667,3.025
4668,0.0
4669,5.4
4670,0.0
4671,3.6
4672,2.2
4673,0.48
4674,2.2
4675,2.065
4676,1.4
4677,3.1
4678,4.875
4679,2.65
4680,6.725714286
4681,0.13
4682,8.326
4683,6.2
4684,0.0
4685,4.0275
4686,8.905
4687,0.0
4688,0.0
4689,0.25
4690,2.35
4691,1.6
4692,0.0
4693,3.74
4694,2.1
4695,1.48
4696,2.59
4697,1.835
4698,0.0
4699,8.5
4700,2.2
4701,5.5
4702,5.15
4703,11.9
4704,11.75
4705,12.1
4706,11.25
4707,11.05
4708,11.8
4709,9.9
4710,0.0
4711,8.3
4712,0.0
4713,10.05
4714,0.0
4715,0.0
4716,0.0
4717,0.0
4718,7.2
4719,11.87272727
4720,0.0
4721,0.0
4722,2.6
4723,0.0
4724,3.5
4725,0.0
4726,1.27
4727,2.2
4728,3.49
4729,2.4
4730,0.67
4731,2.98
4732,1.9
4733,0.0
4734,0.0
4735,0.0
4736,2.9
4737,1.545
4738,2.4
4739,1.1
4740,0.56
4741,6.78
4742,9.9
4743,0.0
4744,0.0
4745,0.0
4746,0.0
4747,7.0
4748,2.75
4749,0.0
4750,0.925
4751,0.0
4752,5.6
4753,0.88
4754,0.76
4755,0.0
4756,0.28
4757,16.25
4758,15.5
4759,0.0
4760,0.0
4761,11.9
4762,0.0
4763,0.0
4764,0.0
4765,0.0
4766,2.4525
4767,0.0
4768,0.0
4769,14.0
4770,16.0
4771,10.4
4772,13.7
4773,5.25
4774,5.59
4775,9.25
4776,2.6
4777,15.8
4778,0.0
4779,6.5
4780,0.03
4781,1.66
4782,4.64
4783,11.7
4784,12.0
4785,1.97
4786,6.185
4787,14.0
4788,6.245
4789,11.1
4790,12.0
4791,3.52
4792,3.52
4793,7.6
4794,1.94
4795,0.11
4796,1.56
4797,0.0
4798,7.85
4799,0.0
4800,5.6
4801,10.0
4802,0.0
4803,1.7
4804,4.62
4805,4.53
4806,4.56
4807,0.912666667
4808,0.0
4809,0.0
4810,0.0
4811,5.29
4812,0.0
4813,15.5
4814,0.0
4815,0.0
4816,0.0
4817,15.5
4818,0.0
4819,0.0
4820,9.89
4821,7.85
4822,10.0
4823,0.0
4824,0.0
4825,0.0
4826,0.3
4827,4.3
4828,5.1
4829,0.0
4830,0.0
4831,0.0
4832,2.743
4833,7.62
4834,11.0225
4835,5.936666667
4836,3.3
4837,2.97
4838,1.402
4839,0.0
4840,0.0
4841,5.84
4842,0.0
4843,0.0
4844,2.75
4845,3.5
4846,0.0
4847,0.0
4848,6.21
4849,0.0
4850,0.0
4851,3.5
4852,6.3
4853,6.7
4854,7.1
4855,10.2
4856,12.2
4857,12.3
4858,3.2
4859,12.45
4860,3.77
4861,2.55
4862,0.0
4863,1.8
4864,14.048
4865,12.6
4866,8.45
4867,2.2875
4868,6.255238095
4869,3.4
4870,6.38
4871,6.0
4872,5.8
4873,5.5
4874,4.21
4875,1.17
4876,2.3
4877,10.5
4878,2.9
4879,13.5
4880,0.0
4881,17.2
4882,12.1
4883,8.9
4884,4.54
4885,1.5
4886,16.5
4887,13.3
4888,0.0
4889,0.0
4890,17.7
4891,0.0
4892,17.3
4893,4.38
4894,7.91
4895,14.4
4896,13.7
4897,6.6
4898,3.0
4899,0.0
4900,0.2175
4901,0.0
4902,0.0
4903,0.0
4904,3.3
4905,5.387499999999999
4906,0.0
4907,8.528333333500001
4908,0.0
4909,0.0
4910,9.85
4911,0.0
4912,8.5
4913,0.0
4914,0.0
4915,2.16
4916,7.2
4917,0.56
4918,1.7999999999999998
4919,7.666666667
4920,0.0
4921,1.3
4922,5.62
4923,0.0
4924,0.0
4925,0.0
4926,15.8
4927,2.011
4928,1.98
4929,7.8
4930,2.01
4931,1.85
4932,2.009
4933,12.8
4934,8.99
4935,6.2
4936,6.2
4937,3.76
4938,9.4
4939,4.11
4940,2.9
4941,6.09
4942,10.3
4943,4.25
4944,1.84
4945,1.84
4946,0.0
4947,2.035
4948,0.6
4949,18.3
4950,1.89
4951,18.2
4952,9.0
4953,9.3
4954,0.0
4955,3.0
4956,1.98
4957,3.07
4958,8.9976875
4959,0.0
4960,3.15
4961,1.38
4962,0.0
4963,4.25
4964,0.0
4965,12.5
4966,0.0
4967,0.0
4968,1.24
4969,0.0
4970,5.1
4971,0.0
4972,2.65
4973,13.5
4974,3.83
4975,0.0
4976,5.821818182
4977,0.0
4978,0.0
4979,0.0
4980,6.814619048
4981,6.675
4982,3.736666667
4983,0.0
4984,0.0
4985,2.64
4986,18.0
4987,0.0
4988,0.0
4989,0.5
4990,0.0
4991,0.0
4992,17.8
4993,18.0
4994,16.4
4995,15.9
4996,18.1
4997,18.3
4998,17.9
4999,17.1
5000,18.1
5001,17.7
5002,7.300000000000001
5003,6.125
5004,2.3
5005,0.0
5006,2.42
5007,2.39
5008,2.3
5009,0.85
5010,0.0
5011,0.0
5012,0.663333333
5013,1.81
5014,2.0
5015,18.2
5016,0.0
5017,2.495
5018,2.49
5019,2.55
5020,2.52
5021,2.53
5022,2.8
5023,5.1
5024,7.4
5025,8.9
5026,9.6
5027,7.9
5028,9.516428571
5029,2.42
5030,2.42
5031,2.44
5032,2.742333333
5033,3.81
5034,17.04
5035,16.5
5036,15.8
5037,0.0
5038,6.8
5039,0.0
5040,0.0
5041,1.1
5042,1.9425
5043,17.8
5044,16.4
5045,13.9
5046,8.3
5047,6.5
5048,18.2
5049,18.25
5050,16.709
5051,0.0
5052,1.746666667
5053,7.7
5054,10.161
5055,5.13
5056,8.6
5057,0.345
5058,0.0
5059,0.0
5060,2.435
5061,1.73
5062,1.48
5063,1.52
5064,4.55
5065,1.27
5066,0.0
5067,0.0
5068,0.0
5069,0.0
5070,0.0
5071,0.0
5072,0.0
5073,0.0
5074,0.0
5075,0.0
5076,0.0
5077,0.0
5078,0.0
5079,0.0
5080,0.0
5081,0.0
5082,0.0
5083,0.0
5084,0.0
5085,0.0
5086,0.0
5087,3.325
5088,4.095
5089,1.4
5090,2.6775
5091,1.9
5092,0.0
5093,1.3
5094,2.3
5095,0.35
5096,1.5
5097,2.6
5098,1.9775
5099,0.0
5100,0.43
5101,0.0
5102,0.0
5103,0.0
5104,3.0
5105,2.98
5106,0.0
5107,0.0
5108,0.0
5109,0.0
5110,0.0
5111,0.0
5112,0.0
5113,0.0
5114,0.0
5115,0.0
5116,1.6
5117,0.9
5118,0.0
5119,0.0
5120,0.0
5121,0.0
5122,0.54
5123,1.981666667
5124,3.35
5125,3.53
5126,3.06
5127,3.47
5128,3.115
5129,3.7
5130,3.1
5131,2.78
5132,0.0
5133,3.525
5134,1.415
5135,3.7
5136,0.0
5137,0.0
5138,0.0
5139,2.58
5140,2.44
5141,2.6
5142,2.44
5143,0.0
5144,2.31
5145,2.0
5146,0.0
5147,0.65
5148,1.67
5149,0.0
5150,0.0376
5151,1.54
5152,1.18
5153,5.04
5154,0.94
5155,5.15
5156,4.4
5157,0.8
5158,0.73
5159,0.0
5160,0.5641666665
5161,0.0
5162,5.3525
5163,0.0
5164,0.0
5165,1.72
5166,0.46
5167,0.0
5168,6.318
5169,4.6
5170,1.1
5171,1.1
5172,0.0
5173,0.0
5174,4.7
5175,2.95
5176,1.655
5177,1.51
5178,1.60125
5179,0.0
5180,16.6
5181,14.75
5182,0.0
5183,4.6
5184,6.728571429
5185,1.8
5186,7.8
5187,0.35
5188,0.0
5189,10.1
5190,6.15
5191,2.9
5192,4.635
5193,1.525
5194,0.65
5195,0.0
5196,1.315
5197,8.496153846
5198,0.0
5199,0.0
5200,2.0
5201,0.0
5202,0.0
5203,0.0
5204,0.0
5205,2.76
5206,4.5
5207,0.0
5208,0.0
5209,0.0
5210,0.96
5211,0.0
5212,0.0
5213,0.0
5214,0.0
5215,0.0
5216,0.0
5217,0.0
5218,0.85
5219,1.24
5220,0.0
5221,0.39
5222,0.61
5223,7.05
5224,5.54
5225,7.45
5226,1.485
5227,0.0
5228,2.8
5229,1.4
5230,1.38
5231,1.32
5232,1.16
5233,0.51
5234,0.061
5235,1.22
5236,6.4701
5237,1.32
5238,0.0
5239,1.78
5240,2.4
5241,0.0
5242,2.1
5243,0.0
5244,3.215
5245,2.65
5246,0.0
5247,7.2
5248,0.0
5249,4.05
5250,0.0
5251,3.695
5252,3.476666667
5253,0.0
5254,0.76
5255,1.7
5256,2.98
5257,2.66
5258,4.59
5259,6.03
5260,1.85
5261,5.55
5262,4.72
5263,0.23
5264,4.6
5265,0.4785
5266,0.41
5267,0.345
5268,0.24
5269,0.0
5270,0.0
5271,0.0
5272,4.73
5273,3.08
5274,2.0
5275,1.66
5276,4.71
5277,2.53
5278,1.44
5279,1.67
5280,1.65
5281,1.58
5282,0.0
5283,1.53
5284,1.85
5285,1.71
5286,1.65
5287,1.89
5288,1.65
5289,0.0
5290,2.21
5291,2.25
5292,1.1
5293,0.0
5294,1.0
5295,1.2
5296,1.25
5297,0.0
5298,0.0
5299,0.6
5300,0.0
5301,0.93
5302,0.0
5303,0.41
5304,3.34
5305,0.0
5306,3.01
5307,1.61
5308,0.0
5309,0.75
5310,1.32
5311,0.081
5312,2.36
5313,1.63
5314,2.3
5315,2.91
5316,2.49
5317,1.25
5318,2.1225
5319,1.1
5320,0.785
5321,0.41
5322,0.0
5323,4.12
5324,4.12
5325,3.73
5326,3.06
5327,2.37
5328,4.03
5329,4.37
5330,4.814444444333333
5331,2.225
5332,0.0
5333,2.34
5334,2.24
5335,2.66
5336,2.1
5337,1.98
5338,4.38
5339,0.76
5340,0.0
5341,0.0
5342,1.13
5343,0.0
5344,0.21
5345,0.0
5346,0.0
5347,0.53
5348,0.0
5349,0.67
5350,0.0
5351,0.0
5352,0.0
5353,1.76
5354,3.1025
5355,0.0
5356,0.0
5357,1.225
5358,2.09
5359,1.35
5360,1.45
5361,0.213
5362,2.1
5363,0.0
5364,0.0
5365,0.0
5366,0.88
5367,0.0
5368,3.54
5369,0.37
5370,0.0
5371,1.19
5372,0.59
5373,0.0
5374,0.44
5375,0.58
5376,1.58
5377,1.36
5378,0.0
5379,3.0
5380,1.7
5381,2.1
5382,1.1
5383,1.57
5384,0.35
5385,0.0
5386,0.0
5387,2.835
5388,0.9
5389,0.0
5390,0.0
5391,0.0
5392,0.49
5393,0.523363636
5394,0.254
5395,0.0
5396,0.82
5397,0.0
5398,0.0
5399,0.0
5400,0.0
5401,5.1
5402,4.95
5403,4.24
5404,5.5
5405,5.02
5406,3.25
5407,5.01
5408,0.0
5409,3.0
5410,1.94
5411,4.126666667
5412,4.985
5413,0.65
5414,0.23
5415,0.0
5416,4.7
5417,0.0
5418,4.6
5419,6.75
5420,5.08
5421,8.3
5422,4.9
5423,2.581333333
5424,0.0
5425,0.0
5426,0.0
5427,4.4
5428,0.0
5429,0.65
5430,0.0
5431,2.2
5432,6.6
5433,3.875
5434,1.71
5435,3.8
5436,0.0
5437,5.025
5438,0.0
5439,1.83
5440,6.366666667
5441,1.76
5442,8.733333333
5443,2.15
5444,0.0
5445,0.18
5446,0.11
5447,11.25
5448,6.0
5449,7.0
5450,6.0
5451,5.48
5452,2.28
5453,1.33
5454,5.19
5455,0.08138375
5456,5.52
5457,0.0
5458,0.0
5459,6.0
5460,4.35
5461,0.0
5462,0.0
5463,5.1
5464,0.0
5465,0.6
5466,0.0
5467,0.755
5468,0.36
5469,0.0
5470,0.0
5471,0.19
5472,0.0
5473,0.65
5474,1.35
5475,11.1825
5476,7.1033333335
5477,3.66
5478,3.67
5479,0.0
5480,2.0
5481,1.1
5482,1.1
5483,1.4
5484,4.1
5485,6.2
5486,0.0
5487,0.0
5488,0.0
5489,1.48
5490,2.86
5491,0.0
5492,0.0
5493,2.7
5494,0.0
5495,0.0
5496,0.0
5497,2.15
5498,0.0
5499,0.0
5500,0.0
5501,1.07
5502,0.0
5503,0.0
5504,2.18
5505,8.405
5506,4.216666667
5507,1.9
5508,7.833333333
5509,0.56
5510,2.9
5511,2.92
5512,3.48
5513,4.2
5514,4.0
5515,5.8
5516,5.16
5517,3.12
5518,4.53
5519,4.835
5520,0.0
5521,0.0
5522,0.0
5523,0.53
5524,0.0
5525,0.501
5526,0.0
5527,0.6
5528,0.0
5529,3.15
5530,9.733333333
5531,1.290384615
5532,0.0
5533,1.07
5534,6.455
5535,0.0
5536,0.0
5537,2.09
5538,1.1
5539,1.231538462
5540,1.1
5541,3.68
5542,2.23
5543,2.053333333
5544,3.98
5545,3.51
5546,5.7
5547,0.0725
5548,3.9
5549,13.0
5550,4.5
5551,3.8
5552,2.75
5553,0.0
5554,3.53
5555,0.0
5556,0.0
5557,0.0
5558,0.0
5559,0.0
5560,1.9
5561,1.4881166665
5562,0.0
5563,0.0
5564,0.74
5565,4.1
5566,0.76
5567,10.5
5568,0.0
5569,0.0
5570,0.0
5571,0.0
5572,5.9358333335
5573,0.0
5574,5.2
5575,1.416666667
5576,1.43
5577,0.72
5578,0.0
5579,0.65
5580,0.0
5581,0.0
5582,4.942
5583,0.0
5584,5.2
5585,0.0
5586,1.3
5587,0.0
5588,1.5
5589,3.9
5590,0.0
5591,0.0
5592,0.0
5593,0.0
5594,10.9
5595,5.016666667
5596,0.0
5597,3.25
5598,0.125
5599,0.45
5600,0.0
5601,2.05
5602,0.0
5603,14.5
5604,14.38
5605,15.8
5606,0.0
5607,6.4
5608,7.51
5609,16.95
5610,0.0
5611,9.8
5612,0.0
5613,9.7
5614,12.85
5615,5.864761905
5616,0.0
5617,0.0
5618,2.41
5619,14.55
5620,10.9
5621,0.0
5622,0.0
5623,0.0
5624,13.2
5625,0.0
5626,0.0
5627,0.0
5628,0.0
5629,16.1
5630,1.55
5631,0.1725
5632,0.1725
5633,0.0
5634,0.0
5635,2.862
5636,0.0
5637,0.0
5638,0.0
5639,0.0
5640,0.0
5641,0.0
5642,0.0
5643,0.0
5644,2.84
5645,0.0
5646,0.0
5647,0.0
5648,0.55
5649,0.0
5650,0.0
5651,0.0
5652,2.7
5653,4.63
5654,0.0
5655,0.0
5656,0.0
5657,0.0
5658,0.0
5659,0.0
5660,1.7
5661,0.168
5662,0.167
5663,0.165
5664,0.125
5665,0.143666667
5666,0.0466
5667,0.092
5668,0.0138
5669,0.02625
5670,3.740729412
5671,2.605
5672,6.6925
5673,0.1005
5674,0.0
5675,4.4625
5676,0.0
5677,0.92
5678,0.0
5679,3.33
5680,0.0
5681,0.0
5682,3.6
5683,1.9
5684,3.5375
5685,0.3
5686,0.5040416665
5687,0.0
5688,0.0
5689,0.0
5690,0.0
5691,0.0
5692,8.9
5693,5.56
5694,9.05
5695,7.86
5696,0.0
5697,2.54
5698,2.65
5699,4.3769
5700,0.0
5701,2.133333333
5702,6.0
5703,0.0
5704,0.0
5705,7.52
5706,7.794166667
5707,8.8
5708,7.6
5709,3.94125
5710,3.94125
5711,0.0
5712,0.0
5713,1.535
5714,0.0
5715,0.0
5716,2.144
5717,0.0
5718,2.308333333
5719,0.0
5720,0.0
5721,0.0
5722,6.29
5723,3.3
5724,2.7
5725,1.25
5726,0.87
5727,0.67
5728,0.67
5729,1.8
5730,7.2
5731,6.381666666666667
5732,1.6125
5733,1.37
5734,1.36
5735,4.125
5736,0.0
5737,0.162
5738,0.47
5739,0.7
5740,0.72
5741,0.8
5742,0.72
5743,0.0
5744,0.0
5745,0.0
5746,0.0
5747,2.07
5748,2.0
5749,1.989218182
5750,0.0
5751,0.0
5752,1.52
5753,0.0
5754,0.581666667
5755,0.0
5756,5.9
5757,8.3
5758,8.6
5759,0.0
5760,0.0
5761,8.9933333335
5762,7.5
5763,0.0157
5764,0.0
5765,0.0
5766,1.08
5767,1.675
5768,0.0
5769,0.0
5770,0.8508
5771,0.296666667
5772,0.996666667
