,MagpieData minimum Number,MagpieData maximum Number,MagpieData range Number,MagpieData mean Number,MagpieData avg_dev Number,MagpieData mode Number,MagpieData minimum MendeleevNumber,MagpieData maximum MendeleevNumber,MagpieData mean MendeleevNumber,MagpieData mode MendeleevNumber,MagpieData minimum MeltingT,MagpieData maximum MeltingT,MagpieData range MeltingT,MagpieData mean MeltingT,MagpieData avg_dev MeltingT,MagpieData minimum Column,MagpieData mean Column,MagpieData avg_dev Column,MagpieData maximum Row,MagpieData range Row,MagpieData maximum CovalentRadius,MagpieData range CovalentRadius,MagpieData mean CovalentRadius,MagpieData maximum Electronegativity,MagpieData mean Electronegativity,MagpieData mode Electronegativity,MagpieData minimum NsValence,MagpieData maximum NsValence,MagpieData mean NsValence,MagpieData avg_dev NsValence,MagpieData mode NsValence,MagpieData minimum NpValence,MagpieData maximum NpValence,MagpieData minimum NdValence,MagpieData maximum NdValence,MagpieData range NdValence,MagpieData mean NdValence,MagpieData avg_dev NdValence,MagpieData mode NdValence,MagpieData minimum NfValence,MagpieData maximum NfValence,MagpieData mean NfValence,MagpieData avg_dev NfValence,MagpieData mode NfValence,MagpieData minimum NValence,MagpieData maximum NValence,MagpieData range NValence,MagpieData mean NValence,MagpieData avg_dev NValence,MagpieData mode NValence,MagpieData minimum NsUnfilled,MagpieData maximum NsUnfilled,MagpieData mean NsUnfilled,MagpieData avg_dev NsUnfilled,MagpieData mode NsUnfilled,MagpieData minimum NpUnfilled,MagpieData maximum NpUnfilled,MagpieData mean NpUnfilled,MagpieData avg_dev NpUnfilled,MagpieData mode NpUnfilled,MagpieData minimum NdUnfilled,MagpieData maximum NdUnfilled,MagpieData mean NdUnfilled,MagpieData avg_dev NdUnfilled,MagpieData mode NdUnfilled,MagpieData maximum NfUnfilled,MagpieData mean NfUnfilled,MagpieData avg_dev NfUnfilled,MagpieData mode NfUnfilled,MagpieData minimum NUnfilled,MagpieData maximum NUnfilled,MagpieData mean NUnfilled,MagpieData avg_dev NUnfilled,MagpieData mode NUnfilled,MagpieData minimum GSvolume_pa,MagpieData maximum GSvolume_pa,MagpieData mean GSvolume_pa,MagpieData mode GSvolume_pa,MagpieData minimum GSbandgap,MagpieData maximum GSbandgap,MagpieData mean GSbandgap,MagpieData avg_dev GSbandgap,MagpieData mode GSbandgap,MagpieData minimum GSmagmom,MagpieData maximum GSmagmom,MagpieData mean GSmagmom,MagpieData mode GSmagmom,MagpieData minimum SpaceGroupNumber,MagpieData maximum SpaceGroupNumber,MagpieData mean SpaceGroupNumber,transition metal fraction,0-norm,2-norm,frac s valence electrons,frac p valence electrons,frac d valence electrons,Ag,Al,Am,As,Au,B,Ba,Be,Bi,Br,C,Ca,Cd,Ce,Cl,Co,Cr,Cs,Cu,Dy,Er,Eu,F,Fe,Ga,Gd,Ge,H,Hf,Hg,Ho,I,In,Ir,K,La,Li,Lu,Mg,Mn,Mo,N,Na,Nb,Nd,Ni,Np,O,Os,P,Pa,Pb,Pd,Pr,Pt,Pu,Rb,Re,Rh,Ru,S,Sb,Sc,Se,Si,Sm,Sn,Sr,Ta,Tb,Tc,Te,Th,Ti,Tl,Tm,U,V,W,Y,Yb,Zn,Zr,formula,Tc_pred,SC_prob
52231,8.0,29.0,21.0,17.25,9.25,8.0,49.0,87.0,71.75,87.0,54.8,2180.0,2125.2,911.8425,857.0425,6.0,12.25,3.75,4.0,2.0,139.0,73.0,100.75,3.44,2.61,3.44,1.0,2.0,1.5,0.5,2.0,0.0,4.0,0.0,10.0,10.0,3.75,3.75,0.0,0.0,0.0,0.0,0.0,0.0,6.0,11.0,5.0,7.25,1.875,6.0,0.0,1.0,0.5,0.5,0.0,0.0,2.0,1.0,1.0,2.0,0.0,5.0,1.25,1.875,0.0,0.0,0.0,0.0,0.0,1.0,6.0,2.75,1.625,2.0,9.105,11.19,10.1175,9.105,0.0,0.0,0.0,0.0,0.0,0.0,0.0,0.0,0.0,12.0,229.0,119.5,0.5,3,0.6123724356957945,0.2068965517241379,0.2758620689655172,0.5172413793103449,0.0,0.0,0.0,0.0,0.0,0.0,0.0,0.0,0.0,0.0,0.0,0.0,0.0,0.0,0.0,0.0,1.0,0.0,1.0,0.0,0.0,0.0,0.0,0.0,0.0,0.0,0.0,0.0,0.0,0.0,0.0,0.0,0.0,0.0,0.0,0.0,0.0,0.0,0.0,0.0,0.0,0.0,0.0,0.0,0.0,0.0,0.0,2.0,0.0,0.0,0.0,0.0,0.0,0.0,0.0,0.0,0.0,0.0,0.0,0.0,0.0,0.0,0.0,0.0,0.0,0.0,0.0,0.0,0.0,0.0,0.0,0.0,0.0,0.0,0.0,0.0,0.0,0.0,0.0,0.0,0.0,0.0,0.0,CrCuO2,117.91777973901895,0.8135074973106384
52276,8.0,29.0,21.0,17.25,9.25,8.0,49.0,87.0,71.75,87.0,54.8,2180.0,2125.2,911.8425,857.0425,6.0,12.25,3.75,4.0,2.0,139.0,73.0,100.75,3.44,2.61,3.44,1.0,2.0,1.5,0.5,2.0,0.0,4.0,0.0,10.0,10.0,3.75,3.75,0.0,0.0,0.0,0.0,0.0,0.0,6.0,11.0,5.0,7.25,1.875,6.0,0.0,1.0,0.5,0.5,0.0,0.0,2.0,1.0,1.0,2.0,0.0,5.0,1.25,1.875,0.0,0.0,0.0,0.0,0.0,1.0,6.0,2.75,1.625,2.0,9.105,11.19,10.1175,9.105,0.0,0.0,0.0,0.0,0.0,0.0,0.0,0.0,0.0,12.0,229.0,119.5,0.5,3,0.6123724356957945,0.2068965517241379,0.2758620689655172,0.5172413793103449,0.0,0.0,0.0,0.0,0.0,0.0,0.0,0.0,0.0,0.0,0.0,0.0,0.0,0.0,0.0,0.0,1.0,0.0,1.0,0.0,0.0,0.0,0.0,0.0,0.0,0.0,0.0,0.0,0.0,0.0,0.0,0.0,0.0,0.0,0.0,0.0,0.0,0.0,0.0,0.0,0.0,0.0,0.0,0.0,0.0,0.0,0.0,2.0,0.0,0.0,0.0,0.0,0.0,0.0,0.0,0.0,0.0,0.0,0.0,0.0,0.0,0.0,0.0,0.0,0.0,0.0,0.0,0.0,0.0,0.0,0.0,0.0,0.0,0.0,0.0,0.0,0.0,0.0,0.0,0.0,0.0,0.0,0.0,CrCuO2,117.91777973901895,0.8135074973106384
68902,8.0,80.0,72.0,26.5,19.583333333333332,8.0,7.0,87.0,62.166666666666664,87.0,54.8,1357.77,1302.97,532.805,527.7525,2.0,11.333333333333334,4.777777777777778,6.0,4.0,215.0,149.0,116.5,3.44,2.435,3.44,1.0,2.0,1.8333333333333333,0.2777777777777778,2.0,0.0,4.0,0.0,10.0,10.0,2.5,3.75,0.0,0.0,14.0,1.1666666666666667,2.138888888888889,0.0,2.0,26.0,24.0,7.5,4.25,6.0,0.0,1.0,0.1666666666666666,0.2777777777777778,0.0,0.0,2.0,1.0,1.0,2.0,0.0,0.0,0.0,0.0,0.0,0.0,0.0,0.0,0.0,0.0,2.0,1.1666666666666667,0.8333333333333334,2.0,9.105,63.59,22.24646551724167,9.105,0.0,0.0,0.0,0.0,0.0,0.0,0.0,0.0,0.0,12.0,229.0,114.25,0.1666666666666666,5,0.565194165260439,0.2444444444444444,0.2666666666666666,0.3333333333333333,0.0,0.0,0.0,0.0,0.0,0.0,2.0,0.0,0.0,0.0,0.0,1.0,0.0,0.0,0.0,0.0,0.0,0.0,2.0,0.0,0.0,0.0,0.0,0.0,0.0,0.0,0.0,0.0,0.0,1.0,0.0,0.0,0.0,0.0,0.0,0.0,0.0,0.0,0.0,0.0,0.0,0.0,0.0,0.0,0.0,0.0,0.0,6.0,0.0,0.0,0.0,0.0,0.0,0.0,0.0,0.0,0.0,0.0,0.0,0.0,0.0,0.0,0.0,0.0,0.0,0.0,0.0,0.0,0.0,0.0,0.0,0.0,0.0,0.0,0.0,0.0,0.0,0.0,0.0,0.0,0.0,0.0,0.0,Ba2CaCu2HgO6,103.85323365230008,0.9183708429336548
70552,8.0,81.0,73.0,25.153846153846153,19.26627218934911,8.0,7.0,87.0,64.46153846153847,87.0,54.8,1357.77,1302.97,522.3953846153846,503.56426035502955,2.0,11.76923076923077,4.745562130177515,6.0,4.0,215.0,149.0,113.6153846153846,3.44,2.483076923076923,3.44,1.0,2.0,1.8461538461538465,0.2603550295857987,2.0,0.0,4.0,0.0,10.0,10.0,2.3076923076923075,3.5502958579881656,0.0,0.0,14.0,1.0769230769230769,1.9881656804733727,0.0,2.0,27.0,25.0,7.461538461538462,4.094674556213018,6.0,0.0,1.0,0.1538461538461538,0.2603550295857988,0.0,0.0,5.0,1.4615384615384617,1.1242603550295858,2.0,0.0,0.0,0.0,0.0,0.0,0.0,0.0,0.0,0.0,0.0,5.0,1.6153846153846154,0.9349112426035504,2.0,9.105,63.59,21.36423076923077,9.105,0.0,0.0,0.0,0.0,0.0,0.0,0.0,0.0,0.0,12.0,229.0,108.53846153846152,0.1538461538461538,5,0.5908573652206621,0.2474226804123711,0.2989690721649484,0.3092783505154639,0.0,0.0,0.0,0.0,0.0,0.0,2.0,0.0,0.0,0.0,0.0,1.0,0.0,0.0,0.0,0.0,0.0,0.0,2.0,0.0,0.0,0.0,0.0,0.0,0.0,0.0,0.0,0.0,0.0,0.0,0.0,0.0,0.0,0.0,0.0,0.0,0.0,0.0,0.0,0.0,0.0,0.0,0.0,0.0,0.0,0.0,0.0,7.0,0.0,0.0,0.0,0.0,0.0,0.0,0.0,0.0,0.0,0.0,0.0,0.0,0.0,0.0,0.0,0.0,0.0,0.0,0.0,0.0,0.0,0.0,0.0,0.0,0.0,0.0,1.0,0.0,0.0,0.0,0.0,0.0,0.0,0.0,0.0,Ba2CaTlCu2O7,81.52548776988256,0.9260538816452026
70940,8.0,56.0,48.0,22.615384615384617,15.739644970414204,8.0,9.0,87.0,63.92307692307692,87.0,54.8,1799.0,1744.2,635.0699999999999,624.9061538461539,2.0,11.692307692307692,4.6390532544378695,6.0,4.0,215.0,149.0,113.6923076923077,3.44,2.5215384615384617,3.44,1.0,2.0,1.7692307692307692,0.3550295857988166,2.0,0.0,4.0,0.0,10.0,10.0,2.3846153846153846,3.514792899408284,0.0,0.0,0.0,0.0,0.0,0.0,2.0,11.0,9.0,6.3076923076923075,2.165680473372781,6.0,0.0,1.0,0.2307692307692307,0.3550295857988165,0.0,0.0,2.0,1.0769230769230769,0.9940828402366864,2.0,0.0,9.0,0.6923076923076923,1.2781065088757395,0.0,0.0,0.0,0.0,0.0,0.0,9.0,2.0,1.0769230769230769,2.0,9.105,63.59,19.73,9.105,0.0,0.0,0.0,0.0,0.0,0.0,0.0,0.0,0.0,12.0,229.0,108.53846153846152,0.2307692307692307,4,0.6105579948610593,0.2804878048780487,0.3414634146341463,0.3780487804878049,0.0,0.0,0.0,0.0,0.0,0.0,2.0,0.0,0.0,0.0,0.0,0.0,0.0,0.0,0.0,0.0,0.0,0.0,3.0,0.0,0.0,0.0,0.0,0.0,0.0,0.0,0.0,0.0,0.0,0.0,0.0,0.0,0.0,0.0,0.0,0.0,0.0,0.0,0.0,0.0,0.0,0.0,0.0,0.0,0.0,0.0,0.0,7.0,0.0,0.0,0.0,0.0,0.0,0.0,0.0,0.0,0.0,0.0,0.0,0.0,0.0,0.0,0.0,0.0,0.0,0.0,0.0,0.0,0.0,0.0,0.0,0.0,0.0,0.0,0.0,0.0,0.0,0.0,0.0,1.0,0.0,0.0,0.0,Ba2YCu3O7,89.06851420443458,0.9754231572151184
71224,8.0,71.0,63.0,25.076923076923077,18.3905325443787,8.0,9.0,87.0,66.15384615384616,87.0,54.8,1936.0,1881.2,645.6084615384615,636.2552662721894,2.0,11.692307692307692,4.6390532544378695,6.0,4.0,215.0,149.0,113.46153846153848,3.44,2.525384615384615,3.44,1.0,2.0,1.7692307692307692,0.3550295857988166,2.0,0.0,4.0,0.0,10.0,10.0,2.3846153846153846,3.514792899408284,0.0,0.0,14.0,1.0769230769230769,1.9881656804733727,0.0,2.0,17.0,15.0,7.384615384615385,3.1479289940828403,6.0,0.0,1.0,0.2307692307692307,0.3550295857988165,0.0,0.0,2.0,1.0769230769230769,0.9940828402366864,2.0,0.0,9.0,0.6923076923076923,1.2781065088757395,0.0,0.0,0.0,0.0,0.0,0.0,9.0,2.0,1.0769230769230769,2.0,9.105,63.59,19.46076923076923,9.105,0.0,0.0,0.0,0.0,0.0,0.0,0.0022471,0.0001728538461538,0.0,12.0,229.0,108.53846153846152,0.2307692307692307,4,0.6105579948610593,0.2395833333333333,0.2916666666666666,0.3229166666666666,0.0,0.0,0.0,0.0,0.0,0.0,2.0,0.0,0.0,0.0,0.0,0.0,0.0,0.0,0.0,0.0,0.0,0.0,3.0,0.0,0.0,0.0,0.0,0.0,0.0,0.0,0.0,0.0,0.0,0.0,0.0,0.0,0.0,0.0,0.0,0.0,0.0,1.0,0.0,0.0,0.0,0.0,0.0,0.0,0.0,0.0,0.0,7.0,0.0,0.0,0.0,0.0,0.0,0.0,0.0,0.0,0.0,0.0,0.0,0.0,0.0,0.0,0.0,0.0,0.0,0.0,0.0,0.0,0.0,0.0,0.0,0.0,0.0,0.0,0.0,0.0,0.0,0.0,0.0,0.0,0.0,0.0,0.0,Ba2LuCu3O7,78.60048617890513,0.9060975909233093
71938,8.0,67.0,59.0,24.76923076923077,18.059171597633135,8.0,9.0,87.0,65.53846153846153,87.0,54.8,1747.0,1692.2,631.0699999999999,620.5984615384616,2.0,11.692307692307692,4.6390532544378695,6.0,4.0,215.0,149.0,113.84615384615384,3.44,2.522307692307692,3.44,1.0,2.0,1.7692307692307692,0.3550295857988166,2.0,0.0,4.0,0.0,10.0,10.0,2.3076923076923075,3.5502958579881656,0.0,0.0,11.0,0.8461538461538461,1.5621301775147929,0.0,2.0,13.0,11.0,7.076923076923077,2.7218934911242605,6.0,0.0,1.0,0.2307692307692307,0.3550295857988165,0.0,0.0,2.0,1.0769230769230769,0.9940828402366864,2.0,0.0,0.0,0.0,0.0,0.0,3.0,0.2307692307692307,0.4260355029585799,0.0,0.0,3.0,1.5384615384615383,0.7218934911242603,2.0,9.105,63.59,19.604487179484615,9.105,0.0,0.0,0.0,0.0,0.0,0.0,0.0,0.0,0.0,12.0,229.0,108.53846153846152,0.2307692307692307,4,0.6105579948610593,0.25,0.3043478260869565,0.3260869565217391,0.0,0.0,0.0,0.0,0.0,0.0,2.0,0.0,0.0,0.0,0.0,0.0,0.0,0.0,0.0,0.0,0.0,0.0,3.0,0.0,0.0,0.0,0.0,0.0,0.0,0.0,0.0,0.0,0.0,0.0,1.0,0.0,0.0,0.0,0.0,0.0,0.0,0.0,0.0,0.0,0.0,0.0,0.0,0.0,0.0,0.0,0.0,7.0,0.0,0.0,0.0,0.0,0.0,0.0,0.0,0.0,0.0,0.0,0.0,0.0,0.0,0.0,0.0,0.0,0.0,0.0,0.0,0.0,0.0,0.0,0.0,0.0,0.0,0.0,0.0,0.0,0.0,0.0,0.0,0.0,0.0,0.0,0.0,Ba2HoCu3O7,87.90987817381294,0.9660810232162476
72323,8.0,69.0,61.0,24.923076923076923,18.224852071005916,8.0,9.0,87.0,65.84615384615384,87.0,54.8,1818.0,1763.2,636.5315384615385,626.4801183431953,2.0,11.692307692307692,4.6390532544378695,6.0,4.0,215.0,149.0,113.6923076923077,3.44,2.523846153846154,3.44,1.0,2.0,1.7692307692307692,0.3550295857988166,2.0,0.0,4.0,0.0,10.0,10.0,2.3076923076923075,3.5502958579881656,0.0,0.0,13.0,1.0,1.8461538461538465,0.0,2.0,15.0,13.0,7.230769230769231,2.93491124260355,6.0,0.0,1.0,0.2307692307692307,0.3550295857988165,0.0,0.0,2.0,1.0769230769230769,0.9940828402366864,2.0,0.0,0.0,0.0,0.0,0.0,1.0,0.0769230769230769,0.1420118343195266,0.0,0.0,2.0,1.3846153846153846,0.6627218934911243,2.0,9.105,63.59,19.53115384615385,9.105,0.0,0.0,0.0,0.0,0.0,0.0,0.0,0.0,0.0,12.0,229.0,108.53846153846152,0.2307692307692307,4,0.6105579948610593,0.2446808510638297,0.2978723404255319,0.3191489361702127,0.0,0.0,0.0,0.0,0.0,0.0,2.0,0.0,0.0,0.0,0.0,0.0,0.0,0.0,0.0,0.0,0.0,0.0,3.0,0.0,0.0,0.0,0.0,0.0,0.0,0.0,0.0,0.0,0.0,0.0,0.0,0.0,0.0,0.0,0.0,0.0,0.0,0.0,0.0,0.0,0.0,0.0,0.0,0.0,0.0,0.0,0.0,7.0,0.0,0.0,0.0,0.0,0.0,0.0,0.0,0.0,0.0,0.0,0.0,0.0,0.0,0.0,0.0,0.0,0.0,0.0,0.0,0.0,0.0,0.0,0.0,0.0,0.0,0.0,0.0,1.0,0.0,0.0,0.0,0.0,0.0,0.0,0.0,Ba2TmCu3O7,87.5580589105884,0.9581217765808105
72663,8.0,60.0,52.0,24.23076923076923,17.4792899408284,8.0,9.0,87.0,64.46153846153847,87.0,54.8,1357.77,1302.97,596.2238461538461,583.0718343195266,2.0,11.692307692307692,4.6390532544378695,6.0,4.0,215.0,149.0,114.53846153846152,3.44,2.515384615384615,3.44,1.0,2.0,1.7692307692307692,0.3550295857988166,2.0,0.0,4.0,0.0,10.0,10.0,2.3076923076923075,3.5502958579881656,0.0,0.0,4.0,0.3076923076923077,0.5680473372781066,0.0,2.0,11.0,9.0,6.538461538461538,2.059171597633136,6.0,0.0,1.0,0.2307692307692307,0.3550295857988165,0.0,0.0,2.0,1.0769230769230769,0.9940828402366864,2.0,0.0,0.0,0.0,0.0,0.0,10.0,0.7692307692307693,1.4201183431952662,0.0,0.0,10.0,2.076923076923077,1.2189349112426038,2.0,9.105,63.59,19.918076923076924,9.105,0.0,0.0,0.0,0.0,0.0,0.0,0.0,0.0,0.0,12.0,229.0,108.53846153846152,0.2307692307692307,4,0.6105579948610593,0.2705882352941176,0.3294117647058823,0.3529411764705882,0.0,0.0,0.0,0.0,0.0,0.0,2.0,0.0,0.0,0.0,0.0,0.0,0.0,0.0,0.0,0.0,0.0,0.0,3.0,0.0,0.0,0.0,0.0,0.0,0.0,0.0,0.0,0.0,0.0,0.0,0.0,0.0,0.0,0.0,0.0,0.0,0.0,0.0,0.0,0.0,0.0,0.0,0.0,0.0,1.0,0.0,0.0,7.0,0.0,0.0,0.0,0.0,0.0,0.0,0.0,0.0,0.0,0.0,0.0,0.0,0.0,0.0,0.0,0.0,0.0,0.0,0.0,0.0,0.0,0.0,0.0,0.0,0.0,0.0,0.0,0.0,0.0,0.0,0.0,0.0,0.0,0.0,0.0,Ba2NdCu3O7,87.66767853214047,0.9659578800201416
72680,8.0,66.0,58.0,24.692307692307693,17.976331360946745,8.0,9.0,87.0,65.38461538461539,87.0,54.8,1685.0,1630.2,626.3007692307692,615.4623668639053,2.0,11.692307692307692,4.6390532544378695,6.0,4.0,215.0,149.0,113.84615384615384,3.44,2.5215384615384617,3.44,1.0,2.0,1.7692307692307692,0.3550295857988166,2.0,0.0,4.0,0.0,10.0,10.0,2.3076923076923075,3.5502958579881656,0.0,0.0,10.0,0.7692307692307693,1.4201183431952662,0.0,2.0,12.0,10.0,7.0,2.6153846153846154,6.0,0.0,1.0,0.2307692307692307,0.3550295857988165,0.0,0.0,2.0,1.0769230769230769,0.9940828402366864,2.0,0.0,0.0,0.0,0.0,0.0,4.0,0.3076923076923077,0.5680473372781066,0.0,0.0,4.0,1.6153846153846154,0.7810650887573964,2.0,9.105,63.59,19.64346153846154,9.105,0.0,0.0,0.0,0.0,0.0,0.0,0.0,0.0,0.0,12.0,229.0,108.53846153846152,0.2307692307692307,4,0.6105579948610593,0.2527472527472527,0.3076923076923076,0.3296703296703296,0.0,0.0,0.0,0.0,0.0,0.0,2.0,0.0,0.0,0.0,0.0,0.0,0.0,0.0,0.0,0.0,0.0,0.0,3.0,1.0,0.0,0.0,0.0,0.0,0.0,0.0,0.0,0.0,0.0,0.0,0.0,0.0,0.0,0.0,0.0,0.0,0.0,0.0,0.0,0.0,0.0,0.0,0.0,0.0,0.0,0.0,0.0,7.0,0.0,0.0,0.0,0.0,0.0,0.0,0.0,0.0,0.0,0.0,0.0,0.0,0.0,0.0,0.0,0.0,0.0,0.0,0.0,0.0,0.0,0.0,0.0,0.0,0.0,0.0,0.0,0.0,0.0,0.0,0.0,0.0,0.0,0.0,0.0,Ba2DyCu3O7,88.30088563172342,0.9539251327514648
72834,8.0,64.0,56.0,24.53846153846154,17.810650887573964,8.0,9.0,87.0,65.07692307692308,87.0,54.8,1586.0,1531.2,618.6853846153846,607.2611834319526,2.0,11.692307692307692,4.6390532544378695,6.0,4.0,215.0,149.0,114.15384615384616,3.44,2.52,3.44,1.0,2.0,1.7692307692307692,0.3550295857988166,2.0,0.0,4.0,0.0,10.0,10.0,2.3846153846153846,3.514792899408284,0.0,0.0,7.0,0.5384615384615384,0.9940828402366864,0.0,2.0,11.0,9.0,6.846153846153846,2.4023668639053253,6.0,0.0,1.0,0.2307692307692307,0.3550295857988165,0.0,0.0,2.0,1.0769230769230769,0.9940828402366864,2.0,0.0,9.0,0.6923076923076923,1.2781065088757395,0.0,7.0,0.5384615384615384,0.9940828402366864,0.0,0.0,16.0,2.5384615384615383,2.0710059171597632,2.0,9.105,63.59,19.70576923076923,9.105,0.0,0.0,0.0,0.0,0.0,0.0,0.0,0.0,0.0,12.0,229.0,108.53846153846152,0.2307692307692307,4,0.6105579948610593,0.2584269662921348,0.3146067415730337,0.348314606741573,0.0,0.0,0.0,0.0,0.0,0.0,2.0,0.0,0.0,0.0,0.0,0.0,0.0,0.0,0.0,0.0,0.0,0.0,3.0,0.0,0.0,0.0,0.0,0.0,0.0,1.0,0.0,0.0,0.0,0.0,0.0,0.0,0.0,0.0,0.0,0.0,0.0,0.0,0.0,0.0,0.0,0.0,0.0,0.0,0.0,0.0,0.0,7.0,0.0,0.0,0.0,0.0,0.0,0.0,0.0,0.0,0.0,0.0,0.0,0.0,0.0,0.0,0.0,0.0,0.0,0.0,0.0,0.0,0.0,0.0,0.0,0.0,0.0,0.0,0.0,0.0,0.0,0.0,0.0,0.0,0.0,0.0,0.0,Ba2GdCu3O7,93.35319725045423,0.939498782157898
72953,8.0,62.0,54.0,24.384615384615383,17.644970414201183,8.0,9.0,87.0,64.76923076923077,87.0,54.8,1357.77,1302.97,600.146923076923,587.2966863905325,2.0,11.692307692307692,4.6390532544378695,6.0,4.0,215.0,149.0,114.3076923076923,3.44,2.5176923076923075,3.44,1.0,2.0,1.7692307692307692,0.3550295857988166,2.0,0.0,4.0,0.0,10.0,10.0,2.3076923076923075,3.5502958579881656,0.0,0.0,6.0,0.4615384615384615,0.8520710059171598,0.0,2.0,11.0,9.0,6.6923076923076925,2.1893491124260356,6.0,0.0,1.0,0.2307692307692307,0.3550295857988165,0.0,0.0,2.0,1.0769230769230769,0.9940828402366864,2.0,0.0,0.0,0.0,0.0,0.0,8.0,0.6153846153846154,1.1360946745562133,0.0,0.0,8.0,1.9230769230769231,1.017751479289941,2.0,9.105,63.59,19.796538461538464,9.105,0.0,0.0,0.0,0.0,0.0,0.0,0.0,0.0,0.0,12.0,229.0,106.3846153846154,0.2307692307692307,4,0.6105579948610593,0.264367816091954,0.3218390804597701,0.3448275862068965,0.0,0.0,0.0,0.0,0.0,0.0,2.0,0.0,0.0,0.0,0.0,0.0,0.0,0.0,0.0,0.0,0.0,0.0,3.0,0.0,0.0,0.0,0.0,0.0,0.0,0.0,0.0,0.0,0.0,0.0,0.0,0.0,0.0,0.0,0.0,0.0,0.0,0.0,0.0,0.0,0.0,0.0,0.0,0.0,0.0,0.0,0.0,7.0,0.0,0.0,0.0,0.0,0.0,0.0,0.0,0.0,0.0,0.0,0.0,0.0,0.0,0.0,0.0,0.0,0.0,1.0,0.0,0.0,0.0,0.0,0.0,0.0,0.0,0.0,0.0,0.0,0.0,0.0,0.0,0.0,0.0,0.0,0.0,Ba2SmCu3O7,86.76023816241043,0.952358067035675
73290,8.0,68.0,60.0,24.846153846153847,18.14201183431953,8.0,9.0,87.0,65.6923076923077,87.0,54.8,1770.0,1715.2,632.8392307692308,622.5037869822486,2.0,11.692307692307692,4.6390532544378695,6.0,4.0,215.0,149.0,113.6153846153846,3.44,2.523076923076923,3.44,1.0,2.0,1.7692307692307692,0.3550295857988166,2.0,0.0,4.0,0.0,10.0,10.0,2.3076923076923075,3.5502958579881656,0.0,0.0,12.0,0.9230769230769232,1.7041420118343196,0.0,2.0,14.0,12.0,7.153846153846154,2.8284023668639056,6.0,0.0,1.0,0.2307692307692307,0.3550295857988165,0.0,0.0,2.0,1.0769230769230769,0.9940828402366864,2.0,0.0,0.0,0.0,0.0,0.0,2.0,0.1538461538461538,0.2840236686390533,0.0,0.0,2.0,1.4615384615384617,0.6627218934911243,2.0,9.105,63.59,19.593076923076925,9.105,0.0,0.0,0.0,0.0,0.0,0.0,0.0,0.0,0.0,12.0,229.0,108.53846153846152,0.2307692307692307,4,0.6105579948610593,0.2473118279569892,0.3010752688172042,0.3225806451612902,0.0,0.0,0.0,0.0,0.0,0.0,2.0,0.0,0.0,0.0,0.0,0.0,0.0,0.0,0.0,0.0,0.0,0.0,3.0,0.0,1.0,0.0,0.0,0.0,0.0,0.0,0.0,0.0,0.0,0.0,0.0,0.0,0.0,0.0,0.0,0.0,0.0,0.0,0.0,0.0,0.0,0.0,0.0,0.0,0.0,0.0,0.0,7.0,0.0,0.0,0.0,0.0,0.0,0.0,0.0,0.0,0.0,0.0,0.0,0.0,0.0,0.0,0.0,0.0,0.0,0.0,0.0,0.0,0.0,0.0,0.0,0.0,0.0,0.0,0.0,0.0,0.0,0.0,0.0,0.0,0.0,0.0,0.0,Ba2ErCu3O7,87.81994384601788,0.9663228392601013
73548,8.0,63.0,55.0,24.46153846153846,17.727810650887573,8.0,9.0,87.0,64.92307692307692,87.0,54.8,1357.77,1302.97,580.9161538461539,566.586627218935,2.0,11.692307692307692,4.6390532544378695,6.0,4.0,215.0,149.0,114.3076923076923,3.44,2.5188461538461535,3.44,1.0,2.0,1.7692307692307692,0.3550295857988166,2.0,0.0,4.0,0.0,10.0,10.0,2.3076923076923075,3.5502958579881656,0.0,0.0,7.0,0.5384615384615384,0.9940828402366864,0.0,2.0,11.0,9.0,6.769230769230769,2.2958579881656807,6.0,0.0,1.0,0.2307692307692307,0.3550295857988165,0.0,0.0,2.0,1.0769230769230769,0.9940828402366864,2.0,0.0,0.0,0.0,0.0,0.0,7.0,0.5384615384615384,0.9940828402366864,0.0,0.0,7.0,1.8461538461538465,0.9585798816568049,2.0,9.105,63.59,20.045,9.105,0.0,0.0,0.0,0.0,0.0,0.0,0.0,0.0,0.0,12.0,229.0,111.23076923076924,0.2307692307692307,4,0.6105579948610593,0.2613636363636363,0.3181818181818182,0.3409090909090909,0.0,0.0,0.0,0.0,0.0,0.0,2.0,0.0,0.0,0.0,0.0,0.0,0.0,0.0,0.0,0.0,0.0,0.0,3.0,0.0,0.0,1.0,0.0,0.0,0.0,0.0,0.0,0.0,0.0,0.0,0.0,0.0,0.0,0.0,0.0,0.0,0.0,0.0,0.0,0.0,0.0,0.0,0.0,0.0,0.0,0.0,0.0,7.0,0.0,0.0,0.0,0.0,0.0,0.0,0.0,0.0,0.0,0.0,0.0,0.0,0.0,0.0,0.0,0.0,0.0,0.0,0.0,0.0,0.0,0.0,0.0,0.0,0.0,0.0,0.0,0.0,0.0,0.0,0.0,0.0,0.0,0.0,0.0,Ba2EuCu3O7,87.10346557855027,0.9694300293922424
75000,8.0,80.0,72.0,23.9375,16.921875,8.0,7.0,87.0,61.9375,87.0,54.8,1357.77,1302.97,561.0018749999999,547.037109375,2.0,11.3125,4.7734375,6.0,4.0,215.0,149.0,114.875,3.44,2.4375,3.44,1.0,2.0,1.8125,0.3046875,2.0,0.0,4.0,0.0,10.0,10.0,2.5,3.75,0.0,0.0,14.0,0.875,1.640625,0.0,2.0,26.0,24.0,7.1875,3.78125,6.0,0.0,1.0,0.1875,0.3046875,0.0,0.0,2.0,1.0,1.0,2.0,0.0,0.0,0.0,0.0,0.0,0.0,0.0,0.0,0.0,0.0,2.0,1.1875,0.8125,2.0,9.105,63.59,20.87547413793125,9.105,0.0,0.0,0.0,0.0,0.0,0.0,0.0,0.0,0.0,12.0,229.0,115.3125,0.1875,5,0.5659615711335886,0.2521739130434782,0.2782608695652174,0.3478260869565217,0.0,0.0,0.0,0.0,0.0,0.0,2.0,0.0,0.0,0.0,0.0,2.0,0.0,0.0,0.0,0.0,0.0,0.0,3.0,0.0,0.0,0.0,0.0,0.0,0.0,0.0,0.0,0.0,0.0,1.0,0.0,0.0,0.0,0.0,0.0,0.0,0.0,0.0,0.0,0.0,0.0,0.0,0.0,0.0,0.0,0.0,0.0,8.0,0.0,0.0,0.0,0.0,0.0,0.0,0.0,0.0,0.0,0.0,0.0,0.0,0.0,0.0,0.0,0.0,0.0,0.0,0.0,0.0,0.0,0.0,0.0,0.0,0.0,0.0,0.0,0.0,0.0,0.0,0.0,0.0,0.0,0.0,0.0,Ba2Ca2Cu3HgO8,124.43378820634653,0.9869041442871094
76412,8.0,83.0,75.0,21.875,14.34375,8.0,7.0,87.0,62.75,87.0,54.8,1357.77,1302.97,586.6318749999999,537.110859375,2.0,11.5,4.9375,6.0,4.0,195.0,129.0,113.375,3.44,2.44625,3.44,1.0,2.0,1.8125,0.3046875,2.0,0.0,4.0,0.0,10.0,10.0,2.5,3.75,0.0,0.0,14.0,0.875,1.640625,0.0,2.0,29.0,27.0,7.375,4.0625,6.0,0.0,1.0,0.1875,0.3046875,0.0,0.0,3.0,1.1875,1.0390625,2.0,0.0,0.0,0.0,0.0,0.0,0.0,0.0,0.0,0.0,0.0,3.0,1.375,0.828125,2.0,9.105,54.23,20.1875,9.105,0.0,0.0,0.0,0.0,0.0,0.0,0.0,0.0,0.0,12.0,225.0,105.1875,0.1875,5,0.5659615711335886,0.2457627118644068,0.2966101694915254,0.3389830508474576,0.0,0.0,0.0,0.0,0.0,0.0,0.0,0.0,1.0,0.0,0.0,2.0,0.0,0.0,0.0,0.0,0.0,0.0,3.0,0.0,0.0,0.0,0.0,0.0,0.0,0.0,0.0,0.0,0.0,0.0,0.0,0.0,0.0,0.0,0.0,0.0,0.0,0.0,0.0,0.0,0.0,0.0,0.0,0.0,0.0,0.0,0.0,8.0,0.0,0.0,0.0,0.0,0.0,0.0,0.0,0.0,0.0,0.0,0.0,0.0,0.0,0.0,0.0,0.0,0.0,0.0,0.0,2.0,0.0,0.0,0.0,0.0,0.0,0.0,0.0,0.0,0.0,0.0,0.0,0.0,0.0,0.0,0.0,Sr2Ca2Cu3BiO8,101.9278062727381,0.9793545007705688
80682,8.0,81.0,73.0,25.31578947368421,19.346260387811633,8.0,7.0,87.0,65.57894736842105,87.0,54.8,1357.77,1302.97,526.5952631578947,496.626592797784,2.0,11.947368421052632,4.487534626038782,6.0,4.0,215.0,149.0,112.0,3.44,2.48,3.44,1.0,2.0,1.8421052631578947,0.2659279778393352,2.0,0.0,4.0,0.0,10.0,10.0,2.6315789473684212,3.878116343490304,0.0,0.0,14.0,1.4736842105263157,2.6371191135734073,0.0,2.0,27.0,25.0,8.157894736842104,4.864265927977839,6.0,0.0,1.0,0.1578947368421052,0.2659279778393351,0.0,0.0,5.0,1.5789473684210529,1.1634349030470914,2.0,0.0,0.0,0.0,0.0,0.0,0.0,0.0,0.0,0.0,0.0,5.0,1.736842105263158,0.96398891966759,2.0,9.105,63.59,20.042105263157897,9.105,0.0,0.0,0.0,0.0,0.0,0.0,0.0,0.0,0.0,12.0,229.0,110.05263157894736,0.1578947368421052,5,0.5789473684210527,0.2258064516129032,0.2709677419354839,0.3225806451612903,0.0,0.0,0.0,0.0,0.0,0.0,2.0,0.0,0.0,0.0,0.0,2.0,0.0,0.0,0.0,0.0,0.0,0.0,3.0,0.0,0.0,0.0,0.0,0.0,0.0,0.0,0.0,0.0,0.0,0.0,0.0,0.0,0.0,0.0,0.0,0.0,0.0,0.0,0.0,0.0,0.0,0.0,0.0,0.0,0.0,0.0,0.0,10.0,0.0,0.0,0.0,0.0,0.0,0.0,0.0,0.0,0.0,0.0,0.0,0.0,0.0,0.0,0.0,0.0,0.0,0.0,0.0,0.0,0.0,0.0,0.0,0.0,0.0,0.0,2.0,0.0,0.0,0.0,0.0,0.0,0.0,0.0,0.0,Ba2Ca2Tl2Cu3O10,108.22430245229825,0.9689940810203552
81012,8.0,81.0,73.0,25.31578947368421,19.346260387811633,8.0,7.0,87.0,65.57894736842105,87.0,54.8,1357.77,1302.97,526.5952631578947,496.626592797784,2.0,11.947368421052632,4.487534626038782,6.0,4.0,215.0,149.0,112.0,3.44,2.48,3.44,1.0,2.0,1.8421052631578947,0.2659279778393352,2.0,0.0,4.0,0.0,10.0,10.0,2.6315789473684212,3.878116343490304,0.0,0.0,14.0,1.4736842105263157,2.6371191135734073,0.0,2.0,27.0,25.0,8.157894736842104,4.864265927977839,6.0,0.0,1.0,0.1578947368421052,0.2659279778393351,0.0,0.0,5.0,1.5789473684210529,1.1634349030470914,2.0,0.0,0.0,0.0,0.0,0.0,0.0,0.0,0.0,0.0,0.0,5.0,1.736842105263158,0.96398891966759,2.0,9.105,63.59,20.042105263157897,9.105,0.0,0.0,0.0,0.0,0.0,0.0,0.0,0.0,0.0,12.0,229.0,110.05263157894736,0.1578947368421052,5,0.5789473684210527,0.2258064516129032,0.2709677419354839,0.3225806451612903,0.0,0.0,0.0,0.0,0.0,0.0,2.0,0.0,0.0,0.0,0.0,2.0,0.0,0.0,0.0,0.0,0.0,0.0,3.0,0.0,0.0,0.0,0.0,0.0,0.0,0.0,0.0,0.0,0.0,0.0,0.0,0.0,0.0,0.0,0.0,0.0,0.0,0.0,0.0,0.0,0.0,0.0,0.0,0.0,0.0,0.0,0.0,10.0,0.0,0.0,0.0,0.0,0.0,0.0,0.0,0.0,0.0,0.0,0.0,0.0,0.0,0.0,0.0,0.0,0.0,0.0,0.0,0.0,0.0,0.0,0.0,0.0,0.0,0.0,2.0,0.0,0.0,0.0,0.0,0.0,0.0,0.0,0.0,Ba2Ca2Tl2Cu3O10,108.22430245229825,0.9689940810203552
81590,8.0,81.0,73.0,21.761904761904763,14.920634920634924,8.0,7.0,87.0,63.23809523809524,87.0,54.8,1357.77,1302.97,569.327619047619,539.0289342403628,2.0,11.571428571428571,4.775510204081633,6.0,4.0,215.0,149.0,112.23809523809524,3.44,2.4685714285714284,3.44,1.0,2.0,1.8095238095238095,0.3083900226757369,2.0,0.0,4.0,0.0,10.0,10.0,2.380952380952381,3.6281179138322,0.0,0.0,14.0,0.6666666666666666,1.26984126984127,0.0,2.0,27.0,25.0,7.0,3.4285714285714284,6.0,0.0,1.0,0.1904761904761904,0.3083900226757369,0.0,0.0,5.0,1.2857142857142858,1.1020408163265305,2.0,0.0,0.0,0.0,0.0,0.0,0.0,0.0,0.0,0.0,0.0,5.0,1.4761904761904765,0.8843537414965985,2.0,9.105,63.59,19.61119047619048,9.105,0.0,0.0,0.0,0.0,0.0,0.0,0.0,0.0,0.0,12.0,229.0,112.33333333333331,0.1904761904761904,5,0.5851526536878336,0.2585034013605442,0.3061224489795918,0.3401360544217687,0.0,0.0,0.0,0.0,0.0,0.0,2.0,0.0,0.0,0.0,0.0,3.0,0.0,0.0,0.0,0.0,0.0,0.0,4.0,0.0,0.0,0.0,0.0,0.0,0.0,0.0,0.0,0.0,0.0,0.0,0.0,0.0,0.0,0.0,0.0,0.0,0.0,0.0,0.0,0.0,0.0,0.0,0.0,0.0,0.0,0.0,0.0,11.0,0.0,0.0,0.0,0.0,0.0,0.0,0.0,0.0,0.0,0.0,0.0,0.0,0.0,0.0,0.0,0.0,0.0,0.0,0.0,0.0,0.0,0.0,0.0,0.0,0.0,0.0,1.0,0.0,0.0,0.0,0.0,0.0,0.0,0.0,0.0,Ba2Ca3TlCu4O11,120.09021157995004,0.9518452286720276
88033,8.0,57.0,49.0,22.615384615384617,15.940828402366863,8.0,7.0,87.0,63.92307692307692,87.0,54.8,1357.77,1302.97,592.8776923076923,579.4682840236686,2.0,11.692307692307692,4.6390532544378695,6.0,4.0,215.0,149.0,113.5,3.44,2.5165384615384614,3.44,1.0,2.0,1.7692307692307692,0.3550295857988166,2.0,0.0,4.0,0.0,10.0,10.0,2.3846153846153846,3.514792899408284,0.0,0.0,0.0,0.0,0.0,0.0,2.0,11.0,9.0,6.3076923076923075,2.165680473372781,6.0,0.0,1.0,0.2307692307692307,0.3550295857988165,0.0,0.0,2.0,1.0769230769230769,0.9940828402366864,2.0,0.0,9.0,0.6923076923076923,1.2781065088757395,0.0,0.0,0.0,0.0,0.0,0.0,9.0,2.0,1.0769230769230769,2.0,9.105,63.59,19.085576923076925,9.105,0.0,0.0,0.0,0.0,0.0,0.0,0.0,0.0,0.0,12.0,229.0,108.3846153846154,0.2307692307692307,5,0.6032456592830047,0.2804878048780487,0.3414634146341463,0.3780487804878049,0.0,0.0,0.0,0.0,0.0,0.0,3.0,0.0,0.0,0.0,0.0,1.0,0.0,0.0,0.0,0.0,0.0,0.0,3.0,0.0,0.0,0.0,0.0,0.0,0.0,0.0,0.0,0.0,0.0,0.0,0.0,0.0,0.0,0.0,0.0,2.0,0.0,0.0,0.0,0.0,0.0,0.0,0.0,0.0,0.0,0.0,0.0,7.0,0.0,0.0,0.0,0.0,0.0,0.0,0.0,0.0,0.0,0.0,0.0,0.0,0.0,0.0,0.0,0.0,0.0,0.0,0.0,0.0,0.0,0.0,0.0,0.0,0.0,0.0,0.0,0.0,0.0,0.0,0.0,0.0,0.0,0.0,0.0,Ba3CaLa2(Cu3O7)2,82.21311407708559,0.9853178262710571
88409,8.0,56.0,48.0,22.321428571428573,15.34438775510204,8.0,9.0,87.0,64.75,87.0,54.8,1799.0,1744.2,640.1567857142857,627.1679846938777,2.0,11.821428571428571,4.4770408163265305,6.0,4.0,215.0,149.0,112.64285714285714,3.44,2.5321428571428575,3.44,1.0,2.0,1.75,0.375,2.0,0.0,4.0,0.0,10.0,10.0,2.5714285714285716,3.7142857142857144,0.0,0.0,0.0,0.0,0.0,0.0,2.0,11.0,9.0,6.464285714285714,2.267857142857143,6.0,0.0,1.0,0.25,0.375,0.0,0.0,2.0,1.0714285714285714,0.9948979591836736,2.0,0.0,9.0,0.6428571428571429,1.1938775510204085,0.0,0.0,0.0,0.0,0.0,0.0,9.0,1.9642857142857144,1.0433673469387756,2.0,9.105,63.59,19.04125,9.105,0.0,0.0,0.0,0.0,0.0,0.0,0.0,0.0,0.0,12.0,229.0,109.25,0.25,4,0.6123724356957945,0.2707182320441988,0.3314917127071823,0.3977900552486188,0.0,0.0,0.0,0.0,0.0,0.0,4.0,0.0,0.0,0.0,0.0,0.0,0.0,0.0,0.0,0.0,0.0,0.0,7.0,0.0,0.0,0.0,0.0,0.0,0.0,0.0,0.0,0.0,0.0,0.0,0.0,0.0,0.0,0.0,0.0,0.0,0.0,0.0,0.0,0.0,0.0,0.0,0.0,0.0,0.0,0.0,0.0,15.0,0.0,0.0,0.0,0.0,0.0,0.0,0.0,0.0,0.0,0.0,0.0,0.0,0.0,0.0,0.0,0.0,0.0,0.0,0.0,0.0,0.0,0.0,0.0,0.0,0.0,0.0,0.0,0.0,0.0,0.0,0.0,2.0,0.0,0.0,0.0,Ba4Y2Cu7O15,79.91882465750568,0.9506288766860962
88644,8.0,56.0,48.0,22.321428571428573,15.34438775510204,8.0,9.0,87.0,64.75,87.0,54.8,1799.0,1744.2,640.1567857142857,627.1679846938777,2.0,11.821428571428571,4.4770408163265305,6.0,4.0,215.0,149.0,112.64285714285714,3.44,2.5321428571428575,3.44,1.0,2.0,1.75,0.375,2.0,0.0,4.0,0.0,10.0,10.0,2.5714285714285716,3.7142857142857144,0.0,0.0,0.0,0.0,0.0,0.0,2.0,11.0,9.0,6.464285714285714,2.267857142857143,6.0,0.0,1.0,0.25,0.375,0.0,0.0,2.0,1.0714285714285714,0.9948979591836736,2.0,0.0,9.0,0.6428571428571429,1.1938775510204085,0.0,0.0,0.0,0.0,0.0,0.0,9.0,1.9642857142857144,1.0433673469387756,2.0,9.105,63.59,19.04125,9.105,0.0,0.0,0.0,0.0,0.0,0.0,0.0,0.0,0.0,12.0,229.0,109.25,0.25,4,0.6123724356957945,0.2707182320441988,0.3314917127071823,0.3977900552486188,0.0,0.0,0.0,0.0,0.0,0.0,4.0,0.0,0.0,0.0,0.0,0.0,0.0,0.0,0.0,0.0,0.0,0.0,7.0,0.0,0.0,0.0,0.0,0.0,0.0,0.0,0.0,0.0,0.0,0.0,0.0,0.0,0.0,0.0,0.0,0.0,0.0,0.0,0.0,0.0,0.0,0.0,0.0,0.0,0.0,0.0,0.0,15.0,0.0,0.0,0.0,0.0,0.0,0.0,0.0,0.0,0.0,0.0,0.0,0.0,0.0,0.0,0.0,0.0,0.0,0.0,0.0,0.0,0.0,0.0,0.0,0.0,0.0,0.0,0.0,0.0,0.0,0.0,0.0,2.0,0.0,0.0,0.0,Ba4Y2Cu7O15,79.91882465750568,0.9506288766860962
88725,8.0,82.0,74.0,22.423076923076923,15.905325443786982,8.0,7.0,87.0,64.5,87.0,54.8,1357.77,1302.97,530.9957692307693,512.8262130177516,2.0,11.807692307692308,4.775147928994082,6.0,4.0,195.0,129.0,110.57692307692308,3.44,2.5196153846153844,3.44,1.0,2.0,1.8461538461538465,0.2603550295857987,2.0,0.0,4.0,0.0,10.0,10.0,2.3076923076923075,3.5502958579881656,0.0,0.0,14.0,1.0769230769230769,1.9881656804733727,0.0,2.0,28.0,26.0,7.5,4.153846153846154,6.0,0.0,1.0,0.1538461538461538,0.2603550295857988,0.0,0.0,5.0,1.4230769230769231,1.0946745562130178,2.0,0.0,0.0,0.0,0.0,0.0,0.0,0.0,0.0,0.0,0.0,5.0,1.5769230769230769,0.9053254437869824,2.0,9.105,54.23,19.970384615384617,9.105,0.0,0.0,0.0,0.0,0.0,0.0,0.0,0.0,0.0,12.0,225.0,109.1153846153846,0.1538461538461538,6,0.5883484054145521,0.2461538461538461,0.3025641025641025,0.3076923076923076,0.0,0.0,0.0,0.0,0.0,0.0,0.0,0.0,0.0,0.0,0.0,2.0,0.0,0.0,0.0,0.0,0.0,0.0,4.0,0.0,0.0,0.0,0.0,0.0,0.0,0.0,0.0,0.0,0.0,0.0,0.0,0.0,0.0,0.0,0.0,0.0,0.0,0.0,0.0,0.0,0.0,0.0,0.0,0.0,0.0,0.0,0.0,14.0,0.0,0.0,0.0,1.0,0.0,0.0,0.0,0.0,0.0,0.0,0.0,0.0,0.0,0.0,0.0,0.0,0.0,0.0,0.0,4.0,0.0,0.0,0.0,0.0,0.0,0.0,1.0,0.0,0.0,0.0,0.0,0.0,0.0,0.0,0.0,Sr4Ca2TlCu4PbO14,93.68232502975461,0.8873791694641113
90031,8.0,83.0,75.0,26.483870967741936,19.91675338189386,8.0,7.0,96.0,68.83870967741936,87.0,54.8,1357.77,1302.97,493.6235483870968,459.8677627471384,2.0,12.548387096774194,4.4828303850156095,6.0,4.0,195.0,129.0,111.19354838709675,3.44,2.5541935483870963,3.44,1.0,2.0,1.870967741935484,0.2247658688865765,2.0,0.0,5.0,0.0,10.0,10.0,2.903225806451613,4.120707596253903,0.0,0.0,14.0,1.8064516129032255,3.146722164412071,0.0,2.0,29.0,27.0,9.193548387096774,6.081165452653486,6.0,0.0,1.0,0.1290322580645161,0.2247658688865764,0.0,0.0,3.0,1.4516129032258065,0.9656607700312176,2.0,0.0,0.0,0.0,0.0,0.0,0.0,0.0,0.0,0.0,0.0,3.0,1.5806451612903225,0.7991675338189387,2.0,9.105,54.23,21.201129032258063,9.105,0.0,1.062,0.034258064516129,0.06630593132154,0.0,0.0,0.0,0.0,0.0,12.0,225.0,82.38709677419355,0.1290322580645161,6,0.5670450268144176,0.2035087719298245,0.2842105263157894,0.3157894736842105,0.0,0.0,0.0,0.0,0.0,0.0,0.0,0.0,4.0,0.0,0.0,2.0,0.0,0.0,0.0,0.0,0.0,0.0,4.0,0.0,0.0,0.0,0.0,0.0,0.0,0.0,0.0,0.0,0.0,0.0,0.0,1.0,0.0,0.0,0.0,0.0,0.0,0.0,0.0,0.0,0.0,0.0,0.0,0.0,0.0,0.0,0.0,16.0,0.0,0.0,0.0,0.0,0.0,0.0,0.0,0.0,0.0,0.0,0.0,0.0,0.0,0.0,0.0,0.0,0.0,0.0,0.0,4.0,0.0,0.0,0.0,0.0,0.0,0.0,0.0,0.0,0.0,0.0,0.0,0.0,0.0,0.0,0.0,Sr4Ca2Cu4Bi4IO16,78.72159750695816,0.9454615116119385
95230,8.0,56.0,48.0,22.32307692307692,15.496331360946744,8.0,7.0,87.0,63.84615384615385,87.0,54.8,1799.0,1744.2,624.5469230769231,613.5736094674556,2.0,11.676923076923076,4.655621301775147,6.0,4.0,215.0,149.0,113.47692307692309,3.44,2.5181538461538464,3.44,1.0,2.0,1.7692307692307692,0.3550295857988166,2.0,0.0,4.0,0.0,10.0,10.0,2.3692307692307693,3.52189349112426,0.0,0.0,0.0,0.0,0.0,0.0,2.0,11.0,9.0,6.292307692307692,2.172781065088757,6.0,0.0,1.0,0.2307692307692307,0.3550295857988165,0.0,0.0,2.0,1.0769230769230769,0.9940828402366864,2.0,0.0,9.0,0.5538461538461539,1.039526627218935,0.0,0.0,0.0,0.0,0.0,0.0,9.0,1.8615384615384616,1.0276923076923077,2.0,9.105,63.59,19.813153846153845,9.105,0.0,0.0,0.0,0.0,0.0,0.0,0.0,0.0,0.0,12.0,229.0,109.01538461538462,0.2307692307692307,5,0.6090053973196765,0.2811735941320293,0.3422982885085574,0.3765281173594132,0.0,0.0,0.0,0.0,0.0,0.0,10.0,0.0,0.0,0.0,0.0,1.0,0.0,0.0,0.0,0.0,0.0,0.0,3.0,0.0,0.0,0.0,0.0,0.0,0.0,0.0,0.0,0.0,0.0,0.0,0.0,0.0,0.0,0.0,0.0,0.0,0.0,0.0,0.0,0.0,0.0,0.0,0.0,0.0,0.0,0.0,0.0,7.0,0.0,0.0,0.0,0.0,0.0,0.0,0.0,0.0,0.0,0.0,0.0,0.0,0.0,0.0,0.0,0.0,0.0,0.0,0.0,0.0,0.0,0.0,0.0,0.0,0.0,0.0,0.0,0.0,0.0,0.0,0.0,4.0,0.0,0.0,0.0,Ba10CaY4(Cu3O7)5,86.26745478289921,0.9855062961578369
95231,8.0,64.0,56.0,23.0,16.153846153846153,8.0,9.0,87.0,64.15384615384616,87.0,54.8,1799.0,1744.2,631.793076923077,621.3771597633136,2.0,11.692307692307692,4.6390532544378695,6.0,4.0,215.0,149.0,113.78461538461538,3.44,2.521230769230769,3.44,1.0,2.0,1.7692307692307692,0.3550295857988166,2.0,0.0,4.0,0.0,10.0,10.0,2.3846153846153846,3.514792899408284,0.0,0.0,7.0,0.1076923076923077,0.2120710059171597,0.0,2.0,11.0,9.0,6.415384615384616,2.226272189349112,6.0,0.0,1.0,0.2307692307692307,0.3550295857988165,0.0,0.0,2.0,1.0769230769230769,0.9940828402366864,2.0,0.0,9.0,0.6923076923076923,1.2781065088757395,0.0,7.0,0.1076923076923077,0.2120710059171597,0.0,0.0,16.0,2.107692307692308,1.2757396449704144,2.0,9.105,63.59,19.725153846153844,9.105,0.0,0.0,0.0,0.0,0.0,0.0,0.0,0.0,0.0,12.0,229.0,108.53846153846152,0.2307692307692307,5,0.6090053973196765,0.2757793764988009,0.3357314148681055,0.3717026378896882,0.0,0.0,0.0,0.0,0.0,0.0,10.0,0.0,0.0,0.0,0.0,0.0,0.0,0.0,0.0,0.0,0.0,0.0,3.0,0.0,0.0,0.0,0.0,0.0,0.0,1.0,0.0,0.0,0.0,0.0,0.0,0.0,0.0,0.0,0.0,0.0,0.0,0.0,0.0,0.0,0.0,0.0,0.0,0.0,0.0,0.0,0.0,7.0,0.0,0.0,0.0,0.0,0.0,0.0,0.0,0.0,0.0,0.0,0.0,0.0,0.0,0.0,0.0,0.0,0.0,0.0,0.0,0.0,0.0,0.0,0.0,0.0,0.0,0.0,0.0,0.0,0.0,0.0,0.0,4.0,0.0,0.0,0.0,Ba10GdY4(Cu3O7)5,83.94121972725573,0.9806213974952698
96434,8.0,56.0,48.0,22.90196078431373,15.778546712802768,8.0,9.0,87.0,63.47058823529411,87.0,54.8,1799.0,1744.2,646.4478431372548,626.4506574394463,2.0,11.607843137254902,4.650519031141868,6.0,4.0,215.0,149.0,114.62745098039215,3.44,2.503529411764706,3.44,1.0,2.0,1.7647058823529411,0.3598615916955017,2.0,0.0,4.0,0.0,10.0,10.0,2.4313725490196076,3.5617070357554783,0.0,0.0,0.0,0.0,0.0,0.0,2.0,11.0,9.0,6.313725490196078,2.205305651672434,6.0,0.0,1.0,0.2352941176470588,0.3598615916955017,0.0,0.0,2.0,1.0588235294117647,0.9965397923875432,2.0,0.0,9.0,0.7058823529411765,1.3010380622837372,0.0,0.0,0.0,0.0,0.0,0.0,9.0,2.0,1.0980392156862746,2.0,9.105,63.59,19.938333333333336,9.105,0.0,0.0,0.0,0.0,0.0,0.0,0.0,0.0,0.0,12.0,229.0,110.4313725490196,0.2352941176470588,4,0.6053078055071817,0.2795031055900621,0.3354037267080745,0.3850931677018633,0.0,0.0,0.0,0.0,0.0,0.0,8.0,0.0,0.0,0.0,0.0,0.0,0.0,0.0,0.0,0.0,0.0,0.0,4.0,0.0,0.0,0.0,0.0,0.0,0.0,0.0,0.0,0.0,0.0,0.0,0.0,0.0,0.0,0.0,0.0,0.0,0.0,0.0,0.0,0.0,0.0,0.0,0.0,0.0,0.0,0.0,0.0,9.0,0.0,0.0,0.0,0.0,0.0,0.0,0.0,0.0,0.0,0.0,0.0,0.0,0.0,0.0,0.0,0.0,0.0,0.0,0.0,0.0,0.0,0.0,0.0,0.0,0.0,0.0,0.0,0.0,0.0,0.0,0.0,4.0,0.0,0.0,0.0,Ba8Y4(Cu4O9)3,79.48949162411357,0.9721255898475647
96437,8.0,64.0,56.0,24.862745098039216,17.854671280276815,8.0,9.0,87.0,64.6470588235294,87.0,54.8,1586.0,1531.2,629.7419607843136,608.7620761245674,2.0,11.607843137254902,4.650519031141868,6.0,4.0,215.0,149.0,115.09803921568628,3.44,2.5019607843137255,3.44,1.0,2.0,1.7647058823529411,0.3598615916955017,2.0,0.0,4.0,0.0,10.0,10.0,2.4313725490196076,3.5617070357554783,0.0,0.0,7.0,0.5490196078431373,1.011918492887351,0.0,2.0,11.0,9.0,6.862745098039215,2.439061899269512,6.0,0.0,1.0,0.2352941176470588,0.3598615916955017,0.0,0.0,2.0,1.0588235294117647,0.9965397923875432,2.0,0.0,9.0,0.7058823529411765,1.3010380622837372,0.0,7.0,0.5490196078431373,1.011918492887351,0.0,0.0,16.0,2.549019607843137,2.109957708573625,2.0,9.105,63.59,19.913627450980396,9.105,0.0,0.0,0.0,0.0,0.0,0.0,0.0,0.0,0.0,12.0,229.0,110.4313725490196,0.2352941176470588,4,0.6053078055071817,0.2571428571428572,0.3085714285714286,0.3542857142857142,0.0,0.0,0.0,0.0,0.0,0.0,8.0,0.0,0.0,0.0,0.0,0.0,0.0,0.0,0.0,0.0,0.0,0.0,4.0,0.0,0.0,0.0,0.0,0.0,0.0,4.0,0.0,0.0,0.0,0.0,0.0,0.0,0.0,0.0,0.0,0.0,0.0,0.0,0.0,0.0,0.0,0.0,0.0,0.0,0.0,0.0,0.0,9.0,0.0,0.0,0.0,0.0,0.0,0.0,0.0,0.0,0.0,0.0,0.0,0.0,0.0,0.0,0.0,0.0,0.0,0.0,0.0,0.0,0.0,0.0,0.0,0.0,0.0,0.0,0.0,0.0,0.0,0.0,0.0,0.0,0.0,0.0,0.0,Ba8Gd4(Cu4O9)3,81.62183669286826,0.9049957394599915
